,Account Name,Tweet Date,Tweet ID,Text,Favorite Count,Retweet Count,Language,Account Created Date,Followers Count,Account Location,Compound,Positive,Negative,Neutral
0,Ripple_XRP_News,Tue Mar 27 06:50:06 +0000 2018,978524544767086592,"Santander UK CEO:
-‚ÄúThis spring, if not one beats us to it, we will be the first large retail bank to carry out cro‚Ä¶ https://t.co/vFhRjkwcsu",101,42,en,Fri Dec 22 12:02:53 +0000 2017,10560,,0.0,0.0,0.0,1.0
1,Ripple_XRP_News,Sun Mar 25 18:04:41 +0000 2018,977969534941433863,"Consensus vs. Proof-of-Work

#lastpart #xrpthestandard #XRP #Ripple #cryptonews #crypto https://t.co/jh6gGJHPl6",72,31,en,Fri Dec 22 12:02:53 +0000 2017,10560,,0.0,0.0,0.0,1.0
2,Ripple_XRP_News,Sat Mar 24 20:11:34 +0000 2018,977639079520227332,"Is $XRP decentralized? @JoelKatz 

#xrpthestandard #XRP #Ripple #cryptonews #bitcoin #btc #cryptotrading https://t.co/l2kmEBQHqU",72,32,en,Fri Dec 22 12:02:53 +0000 2017,10560,,0.0,0.0,0.0,1.0
3,Ripple_XRP_News,Thu Mar 22 18:57:29 +0000 2018,976895656731332610,"XRP vs. other Digital Assets 

#xrpthestandard #XRP #Ripple #bitcoin #Cryptonews #btc https://t.co/Y35CTWBaZC",81,35,en,Fri Dec 22 12:02:53 +0000 2017,10560,,0.1779,0.134,0.0,0.866
4,Ripple_XRP_News,Sun Mar 18 21:33:25 +0000 2018,975485348661878784,"The FSB‚Äôs initial assessment is that #crypto-assets do not pose risks to global financial stability at this time,‚Äù‚Ä¶ https://t.co/UpwGAjj1jB",133,71,en,Fri Dec 22 12:02:53 +0000 2017,10560,,0.2057,0.092,0.0,0.908
5,Ripple_XRP_News,Sun Mar 18 21:29:03 +0000 2018,975484251935248384,@TWelvaart  https://t.co/zxpXbhShg4,19,1,und,Fri Dec 22 12:02:53 +0000 2017,10560,,0.0,0.0,0.0,1.0
6,Ripple_XRP_News,Sun Mar 18 21:24:00 +0000 2018,975482980859772928,BREAKING - Financial Stability Board rejected the call to regulations from multiple G20 countries. At the moment th‚Ä¶ https://t.co/kzV1JP8DkV,582,294,en,Fri Dec 22 12:02:53 +0000 2017,10560,,-0.5106,0.0,0.163,0.837
7,Ripple_XRP_News,Sun Mar 18 19:42:12 +0000 2018,975457361103114241,@Jatin4289  https://t.co/u5upaSab6j,0,0,und,Fri Dec 22 12:02:53 +0000 2017,10560,,0.0,0.0,0.0,1.0
8,Ripple_XRP_News,Sun Mar 18 19:39:50 +0000 2018,975456763603574784,Bitcoin appears to be 5 weeks ahead of Wallstreet #btc #wallstreet #exchange #cryptomarket #crash https://t.co/8bzFWB5Bqw,32,16,en,Fri Dec 22 12:02:53 +0000 2017,10560,,0.0,0.0,0.0,1.0
9,Ripple_XRP_News,Sun Mar 18 19:06:07 +0000 2018,975448279684190209,#G20 #bitcoin #cryptocrash https://t.co/Dif6FOavph,45,28,und,Fri Dec 22 12:02:53 +0000 2017,10560,,0.0,0.0,0.0,1.0
10,Ripple_XRP_News,Sat Mar 17 22:33:06 +0000 2018,975137979449659392,Lol :-) https://t.co/IwIixMwR4h,13,2,und,Fri Dec 22 12:02:53 +0000 2017,10560,,0.6249,0.836,0.0,0.164
11,Ripple_XRP_News,Fri Mar 16 23:07:27 +0000 2018,974784236917051394,"... and about the new product #xVia! 

#xrpthestandard #XRP #Ripple https://t.co/avfSLVuPHy",12,5,en,Fri Dec 22 12:02:53 +0000 2017,10560,,0.0,0.0,0.0,1.0
12,Ripple_XRP_News,Fri Mar 16 22:58:28 +0000 2018,974781976212332545,"VP of Product Management @ashgoblue talking about the Game Changers #xCurrent and #xRapid ... 

#ripple #xrp‚Ä¶ https://t.co/yQwuEfUecP",74,37,en,Fri Dec 22 12:02:53 +0000 2017,10560,,0.0,0.0,0.0,1.0
13,Ripple_XRP_News,Fri Mar 16 09:07:05 +0000 2018,974572753494986754,"Almost every week there is a ""reason"" for a new bearish market. It used to be btc futures, then the Chinese New Yea‚Ä¶ https://t.co/h8b9PKLRTg",46,9,en,Fri Dec 22 12:02:53 +0000 2017,10560,,0.0,0.0,0.0,1.0
14,Ripple_XRP_News,Thu Mar 15 23:20:02 +0000 2018,974425016514371584,"CEO @bgarlinghouse talking about #Ripple‚Äôs vision for #XRP

#cryptomarket #cryptonews $xrp https://t.co/aaWylUc9M0",228,118,en,Fri Dec 22 12:02:53 +0000 2017,10560,,0.25,0.154,0.0,0.846
15,Ripple_XRP_News,Thu Mar 15 08:55:52 +0000 2018,974207541474484224,The Winklevoss brothers have submitted a proposal to create a self-regulatory organization meant to police digital-‚Ä¶ https://t.co/LiwCG5eeJd,11,6,en,Fri Dec 22 12:02:53 +0000 2017,10560,,0.2732,0.13,0.0,0.87
16,Ripple_XRP_News,Thu Mar 15 08:19:29 +0000 2018,974198387120668673,Virtual currency policy feels like the early days of the internet - people fearful of the tech and risks in today's‚Ä¶ https://t.co/I88jvVMRvs,37,17,en,Fri Dec 22 12:02:53 +0000 2017,10560,,-0.4215,0.097,0.205,0.698
17,Ripple_XRP_News,Wed Mar 14 09:31:34 +0000 2018,973854139028471808,"Ripple's CEO Brad Garlinghouse:

Could #Ripple be the next #Bitcoin? 
‚ÄúIt is important to understand what is REAL a‚Ä¶ https://t.co/OoeikpeC1b",195,82,en,Fri Dec 22 12:02:53 +0000 2017,10560,,0.2023,0.087,0.0,0.913
18,Ripple_XRP_News,Wed Mar 14 08:55:07 +0000 2018,973844966245052423,"So, what does #Ripple do?

Ripple offers banks (or potentially, individuals and merchants) a more efficient payment‚Ä¶ https://t.co/Fzdt0KOlJc",37,17,en,Fri Dec 22 12:02:53 +0000 2017,10560,,0.4754,0.162,0.0,0.838
19,Ripple_XRP_News,Wed Mar 14 08:45:50 +0000 2018,973842627064889345,Larsen said that we already have network of networks for data (internet) and goods (logistics) but we don‚Äôt have a‚Ä¶ https://t.co/hPqbOsAg92,24,14,en,Fri Dec 22 12:02:53 +0000 2017,10560,,0.0,0.0,0.0,1.0
20,Ripple_XRP_News,Tue Mar 27 06:50:06 +0000 2018,978524544767086592,"Santander UK CEO:
-‚ÄúThis spring, if not one beats us to it, we will be the first large retail bank to carry out cro‚Ä¶ https://t.co/vFhRjkwcsu",101,42,en,Fri Dec 22 12:02:53 +0000 2017,10560,,0.0,0.0,0.0,1.0
21,Ripple_XRP_News,Sun Mar 25 18:04:41 +0000 2018,977969534941433863,"Consensus vs. Proof-of-Work

#lastpart #xrpthestandard #XRP #Ripple #cryptonews #crypto https://t.co/jh6gGJHPl6",72,31,en,Fri Dec 22 12:02:53 +0000 2017,10560,,0.0,0.0,0.0,1.0
22,Ripple_XRP_News,Sat Mar 24 20:11:34 +0000 2018,977639079520227332,"Is $XRP decentralized? @JoelKatz 

#xrpthestandard #XRP #Ripple #cryptonews #bitcoin #btc #cryptotrading https://t.co/l2kmEBQHqU",72,32,en,Fri Dec 22 12:02:53 +0000 2017,10560,,0.0,0.0,0.0,1.0
23,Ripple_XRP_News,Thu Mar 22 18:57:29 +0000 2018,976895656731332610,"XRP vs. other Digital Assets 

#xrpthestandard #XRP #Ripple #bitcoin #Cryptonews #btc https://t.co/Y35CTWBaZC",81,35,en,Fri Dec 22 12:02:53 +0000 2017,10560,,0.1779,0.134,0.0,0.866
24,Ripple_XRP_News,Sun Mar 18 21:33:25 +0000 2018,975485348661878784,"The FSB‚Äôs initial assessment is that #crypto-assets do not pose risks to global financial stability at this time,‚Äù‚Ä¶ https://t.co/UpwGAjj1jB",133,71,en,Fri Dec 22 12:02:53 +0000 2017,10560,,0.2057,0.092,0.0,0.908
25,Ripple_XRP_News,Sun Mar 18 21:29:03 +0000 2018,975484251935248384,@TWelvaart  https://t.co/zxpXbhShg4,19,1,und,Fri Dec 22 12:02:53 +0000 2017,10560,,0.0,0.0,0.0,1.0
26,Ripple_XRP_News,Sun Mar 18 21:24:00 +0000 2018,975482980859772928,BREAKING - Financial Stability Board rejected the call to regulations from multiple G20 countries. At the moment th‚Ä¶ https://t.co/kzV1JP8DkV,582,294,en,Fri Dec 22 12:02:53 +0000 2017,10560,,-0.5106,0.0,0.163,0.837
27,Ripple_XRP_News,Sun Mar 18 19:42:12 +0000 2018,975457361103114241,@Jatin4289  https://t.co/u5upaSab6j,0,0,und,Fri Dec 22 12:02:53 +0000 2017,10560,,0.0,0.0,0.0,1.0
28,Ripple_XRP_News,Sun Mar 18 19:39:50 +0000 2018,975456763603574784,Bitcoin appears to be 5 weeks ahead of Wallstreet #btc #wallstreet #exchange #cryptomarket #crash https://t.co/8bzFWB5Bqw,32,16,en,Fri Dec 22 12:02:53 +0000 2017,10560,,0.0,0.0,0.0,1.0
29,Ripple_XRP_News,Sun Mar 18 19:06:07 +0000 2018,975448279684190209,#G20 #bitcoin #cryptocrash https://t.co/Dif6FOavph,45,28,und,Fri Dec 22 12:02:53 +0000 2017,10560,,0.0,0.0,0.0,1.0
30,Ripple_XRP_News,Sat Mar 17 22:33:06 +0000 2018,975137979449659392,Lol :-) https://t.co/IwIixMwR4h,13,2,und,Fri Dec 22 12:02:53 +0000 2017,10560,,0.6249,0.836,0.0,0.164
31,Ripple_XRP_News,Fri Mar 16 23:07:27 +0000 2018,974784236917051394,"... and about the new product #xVia! 

#xrpthestandard #XRP #Ripple https://t.co/avfSLVuPHy",12,5,en,Fri Dec 22 12:02:53 +0000 2017,10560,,0.0,0.0,0.0,1.0
32,Ripple_XRP_News,Fri Mar 16 22:58:28 +0000 2018,974781976212332545,"VP of Product Management @ashgoblue talking about the Game Changers #xCurrent and #xRapid ... 

#ripple #xrp‚Ä¶ https://t.co/yQwuEfUecP",74,37,en,Fri Dec 22 12:02:53 +0000 2017,10560,,0.0,0.0,0.0,1.0
33,Ripple_XRP_News,Fri Mar 16 09:07:05 +0000 2018,974572753494986754,"Almost every week there is a ""reason"" for a new bearish market. It used to be btc futures, then the Chinese New Yea‚Ä¶ https://t.co/h8b9PKLRTg",46,9,en,Fri Dec 22 12:02:53 +0000 2017,10560,,0.0,0.0,0.0,1.0
34,Ripple_XRP_News,Thu Mar 15 23:20:02 +0000 2018,974425016514371584,"CEO @bgarlinghouse talking about #Ripple‚Äôs vision for #XRP

#cryptomarket #cryptonews $xrp https://t.co/aaWylUc9M0",228,118,en,Fri Dec 22 12:02:53 +0000 2017,10560,,0.25,0.154,0.0,0.846
35,Ripple_XRP_News,Thu Mar 15 08:55:52 +0000 2018,974207541474484224,The Winklevoss brothers have submitted a proposal to create a self-regulatory organization meant to police digital-‚Ä¶ https://t.co/LiwCG5eeJd,11,6,en,Fri Dec 22 12:02:53 +0000 2017,10560,,0.2732,0.13,0.0,0.87
36,Ripple_XRP_News,Thu Mar 15 08:19:29 +0000 2018,974198387120668673,Virtual currency policy feels like the early days of the internet - people fearful of the tech and risks in today's‚Ä¶ https://t.co/I88jvVMRvs,37,17,en,Fri Dec 22 12:02:53 +0000 2017,10560,,-0.4215,0.097,0.205,0.698
37,Ripple_XRP_News,Wed Mar 14 09:31:34 +0000 2018,973854139028471808,"Ripple's CEO Brad Garlinghouse:

Could #Ripple be the next #Bitcoin? 
‚ÄúIt is important to understand what is REAL a‚Ä¶ https://t.co/OoeikpeC1b",195,82,en,Fri Dec 22 12:02:53 +0000 2017,10560,,0.2023,0.087,0.0,0.913
38,Ripple_XRP_News,Wed Mar 14 08:55:07 +0000 2018,973844966245052423,"So, what does #Ripple do?

Ripple offers banks (or potentially, individuals and merchants) a more efficient payment‚Ä¶ https://t.co/Fzdt0KOlJc",37,17,en,Fri Dec 22 12:02:53 +0000 2017,10560,,0.4754,0.162,0.0,0.838
39,Ripple_XRP_News,Wed Mar 14 08:45:50 +0000 2018,973842627064889345,Larsen said that we already have network of networks for data (internet) and goods (logistics) but we don‚Äôt have a‚Ä¶ https://t.co/hPqbOsAg92,24,14,en,Fri Dec 22 12:02:53 +0000 2017,10560,,0.0,0.0,0.0,1.0
40,Ripple_XRP_News,Wed Mar 14 08:44:14 +0000 2018,973842227620347904,"Part 2: Internet of Value

‚ÄúJust as you can‚Äôt have fire without fuel, oxygen, and heat, you can‚Äôt have effective gl‚Ä¶ https://t.co/uPPW5v6AS8",30,14,en,Fri Dec 22 12:02:53 +0000 2017,10560,,0.4767,0.204,0.089,0.706
41,Ripple_XRP_News,Mon Mar 12 20:39:56 +0000 2018,973297562991120386,"A Small Clip to Clear up some of the Misconceptions of #Ripple and $XRP

#XRP #Ripplenews #cryptotrading‚Ä¶ https://t.co/NTcKg47D1W",167,85,en,Fri Dec 22 12:02:53 +0000 2017,10560,,0.3818,0.14,0.0,0.86
42,Ripple_XRP_News,Mon Mar 12 16:47:19 +0000 2018,973239022343639040,2/2 https://t.co/z9ajTYSRZX,10,4,und,Fri Dec 22 12:02:53 +0000 2017,10560,,0.0,0.0,0.0,1.0
43,Ripple_XRP_News,Mon Mar 12 16:42:13 +0000 2018,973237736860717056,"Ripple and XRP - How #Ripple got started #part1 

#xrp #ripplenews $xrp #crypto #cryptomarket #cryptonews https://t.co/f7Tp9L2y6L",55,25,en,Fri Dec 22 12:02:53 +0000 2017,10560,,0.0,0.0,0.0,1.0
44,Ripple_XRP_News,Mon Mar 12 16:38:06 +0000 2018,973236703522643968,"Hello @Williewolos üôãüèª‚Äç‚ôÇÔ∏è

Congratulations, you are follower #10.000. 

You have won #nothing, but... I can give you‚Ä¶ https://t.co/1rlZp6YzYw",28,2,en,Fri Dec 22 12:02:53 +0000 2017,10560,,0.8225,0.336,0.0,0.664
45,Ripple_XRP_News,Mon Mar 12 12:30:58 +0000 2018,973174509254701057,"Here are some reasons why #Bitcoin went up &amp; down since 2016.

$btc #cryptomarket #cryptocurrency #cryptocurrencies‚Ä¶ https://t.co/xb4UDoXbno",42,24,en,Fri Dec 22 12:02:53 +0000 2017,10560,,0.0,0.0,0.0,1.0
46,Ripple_XRP_News,Thu Mar 08 22:53:09 +0000 2018,971881536869060608,"Ripple is solving a REAL problem #true

#xrpthestandard #XRP #Ripple #cryptomarket #CryptoNews #cryptocurrencies https://t.co/nFEB1kYtHR",71,31,en,Fri Dec 22 12:02:53 +0000 2017,10560,,-0.0772,0.149,0.168,0.683
47,Ripple_XRP_News,Thu Mar 08 12:10:10 +0000 2018,971719725523890176,"RT @Ripple_XRP_News: @CNBCFastMoney is just feeding the hype to get viewers without actually caring about the content.

There is no news or‚Ä¶",0,3,en,Fri Dec 22 12:02:53 +0000 2017,10560,,-0.5897,0.0,0.194,0.806
48,Ripple_XRP_News,Thu Mar 08 12:09:09 +0000 2018,971719469088346112,"@CNBCFastMoney is just feeding the hype to get viewers without actually caring about the content.

There is no news‚Ä¶ https://t.co/qjzI1BGrmO",11,3,en,Fri Dec 22 12:02:53 +0000 2017,10560,,-0.5897,0.0,0.211,0.789
49,Ripple_XRP_News,Thu Mar 08 07:48:00 +0000 2018,971653746835980289,"CTO of Ripple @justmoon speaking at Blockchain Africa Conference #BAC18

#XRP #Microsoft #cryptocurrency‚Ä¶ https://t.co/3D9OhM0Q8X",45,15,en,Fri Dec 22 12:02:53 +0000 2017,10560,,0.0,0.0,0.0,1.0
50,Ripple_XRP_News,Wed Mar 07 21:58:27 +0000 2018,971505382723080192,"#CryptoMarket Sell-Off - Possible reasons:

1. #Binance hack
2. #SEC threatens to close exchanges
3. MtGox #BTC in‚Ä¶ https://t.co/wyodgw4ftx",31,16,en,Fri Dec 22 12:02:53 +0000 2017,10560,,-0.3818,0.0,0.133,0.867
51,Ripple_XRP_News,Tue Mar 06 23:40:12 +0000 2018,971168599925719040,@CNBCFastMoney @Ripple @bgarlinghouse  https://t.co/1INHwUUvJl,28,0,und,Fri Dec 22 12:02:53 +0000 2017,10560,,0.0,0.0,0.0,1.0
52,Ripple_XRP_News,Tue Mar 06 23:39:09 +0000 2018,971168336921923584,RT @CNBCFastMoney: We know you are all disappointed that we didn‚Äôt get to our interview with @Ripple CEO @bgarlinghouse (and so were we). B‚Ä¶,0,675,en,Fri Dec 22 12:02:53 +0000 2017,10560,,-0.4767,0.0,0.119,0.881
53,Ripple_XRP_News,Tue Mar 06 23:02:08 +0000 2018,971159019342745600,"Coinbase announced Index Fund for accredited investors. 

The CEO getting cut off for bigger news than the amazingl‚Ä¶ https://t.co/lWQzVF1JAh",23,1,en,Fri Dec 22 12:02:53 +0000 2017,10560,,-0.2732,0.0,0.104,0.896
54,Ripple_XRP_News,Tue Mar 06 22:12:41 +0000 2018,971146576767877122,Put on CNBC right now.. Ripple and Coinbase CEO‚Äôs on,88,21,en,Fri Dec 22 12:02:53 +0000 2017,10560,,0.0,0.0,0.0,1.0
55,Ripple_XRP_News,Tue Mar 06 11:34:49 +0000 2018,970986053497651205,Invest in $XRP if you believe it will solve an existing problem. Listing on Coinbase is and will never be the (main‚Ä¶ https://t.co/UQmbdJT1bP,146,53,en,Fri Dec 22 12:02:53 +0000 2017,10560,,-0.2263,0.071,0.106,0.824
56,Ripple_XRP_News,Sun Mar 04 11:57:14 +0000 2018,970266918417584129,"@AsatRoermond Al jaren een vaste klant bij Asat, maar accepteren jullie nog steeds geen cryptomunten als betaalmiddel? #topbedrijf",0,0,nl,Fri Dec 22 12:02:53 +0000 2017,10560,,0.0,0.0,0.0,1.0
57,Ripple_XRP_News,Sat Mar 03 09:13:53 +0000 2018,969863421717032961,‚ÄúSouth Korean bank Woori Bank intends to introduce ‚Äúcommercialized‚Äù international remittances this year based on‚Ä¶ https://t.co/RmvIG27QGR,136,52,en,Fri Dec 22 12:02:53 +0000 2017,10560,,0.0,0.0,0.0,1.0
58,Ripple_XRP_News,Mon Feb 26 11:43:55 +0000 2018,968089240008581120,"How to create a buy the rumor, sell the news hype?

Announcing the announcement of the release date. #becaretfull‚Ä¶ https://t.co/x0qIMifM2z",45,8,en,Fri Dec 22 12:02:53 +0000 2017,10560,,0.2732,0.104,0.0,0.896
59,Ripple_XRP_News,Sun Feb 25 19:46:55 +0000 2018,967848403995643905,@haydentiff @XRPTrump @jeremy_87110 @TheCryptoGent @XRPtheone @ToshiDesk @xrp_news @xrptips @xrptipbot‚Ä¶ https://t.co/VOG87ou55s,1,0,en,Fri Dec 22 12:02:53 +0000 2017,10560,,0.0,0.0,0.0,1.0
60,Ripple_XRP_News,Fri Feb 23 09:58:42 +0000 2018,966975595606429696,"Ledger Wallet roadmap:
- Desktop version during Q2
- New version of Ledger Manager Q2 
- Mobile version Q3

#xrp‚Ä¶ https://t.co/7c5fsKeBzr",36,27,en,Fri Dec 22 12:02:53 +0000 2017,10560,,0.0,0.0,0.0,1.0
61,Ripple_XRP_News,Thu Feb 22 10:22:39 +0000 2018,966619236633382912,Prime Minister of India üëçüèº https://t.co/ytC8swAC2t,51,17,en,Fri Dec 22 12:02:53 +0000 2017,10560,,0.0,0.0,0.0,1.0
62,Ripple_XRP_News,Wed Feb 21 10:46:56 +0000 2018,966262959738707968,Five new financial institutions have joined #RippleNet and will use #xCurrent or #xVia to strengthen emerging marke‚Ä¶ https://t.co/4pmpMzk3nk,91,29,en,Fri Dec 22 12:02:53 +0000 2017,10560,,0.3182,0.119,0.0,0.881
63,Ripple_XRP_News,Tue Feb 20 23:56:12 +0000 2018,966099195617861632,@Ripple  https://t.co/jLlGvFDy53,14,2,und,Fri Dec 22 12:02:53 +0000 2017,10560,,0.0,0.0,0.0,1.0
64,Ripple_XRP_News,Mon Feb 19 23:50:56 +0000 2018,965735481945313280,RT @JoelKatz: @nbougalis @CryptXO @MalwareJake @kennwhite Can you imagine if it came out that Ripple added some backdoor to XRPL and our de‚Ä¶,0,23,en,Fri Dec 22 12:02:53 +0000 2017,10560,,0.0,0.0,0.0,1.0
65,Ripple_XRP_News,Sun Feb 18 22:50:21 +0000 2018,965357847663075328,More than 100 banking clients are using #Ripple‚Äôs product #xCurrent. But #WesternUnion becomes just the fifth custo‚Ä¶ https://t.co/G72cDs5Zsw,256,129,en,Fri Dec 22 12:02:53 +0000 2017,10560,,0.0,0.0,0.0,1.0
66,Ripple_XRP_News,Wed Feb 14 19:32:20 +0000 2018,963858464622686208,"PARTNERSHIP WITH #WESTERNUNION CONFIRMED BY @Ripple 

#xrp #ripple #cryptonews https://t.co/4z9JTcvC5u",189,74,en,Fri Dec 22 12:02:53 +0000 2017,10560,,0.0,0.0,0.0,1.0
67,Ripple_XRP_News,Wed Feb 14 15:59:37 +0000 2018,963804932292988933,"Wow, more great news!! 

#xrp #ripple #WesternUnion #CryptoNews https://t.co/MTPkocIUdR",148,60,en,Fri Dec 22 12:02:53 +0000 2017,10560,,0.8682,0.556,0.0,0.444
68,Ripple_XRP_News,Sun Feb 11 06:08:53 +0000 2018,962569109170020352,"UAE Exchange one of the largest payment providers in the Middle East is joining RippleNet.

#xrp #ripple‚Ä¶ https://t.co/9klOPHVicB",218,108,en,Fri Dec 22 12:02:53 +0000 2017,10560,,0.0,0.0,0.0,1.0
69,Ripple_XRP_News,Sat Feb 10 10:13:44 +0000 2018,962268339698585601,"@XRPTrump @wildbull75 @haydentiff @TheRippleTrader @kieranmlkelly @xrptips @JoelKatz @Reverend_Ripple Lol, I didn‚Äôt‚Ä¶ https://t.co/lE9gb9q9EZ",11,2,en,Fri Dec 22 12:02:53 +0000 2017,10560,,0.4215,0.219,0.0,0.781
70,Ripple_XRP_News,Fri Feb 09 11:14:48 +0000 2018,961921319146328065,@0daro0 https://t.co/gb4v81YxQA,3,1,und,Fri Dec 22 12:02:53 +0000 2017,10560,,0.0,0.0,0.0,1.0
71,Ripple_XRP_News,Fri Feb 09 10:43:38 +0000 2018,961913472765366274,"Turn your useless touchbar to a useull cointicker :-) #macbook

#xrp #ripple #bitcoin #btc #cryptocurrency‚Ä¶ https://t.co/I4hbWPK8Kq",183,57,en,Fri Dec 22 12:02:53 +0000 2017,10560,,-0.128,0.127,0.155,0.718
72,Ripple_XRP_News,Wed Feb 07 14:51:32 +0000 2018,961251085968166914,@bgarlinghouse  https://t.co/AV6jrO6Fmk,35,0,und,Fri Dec 22 12:02:53 +0000 2017,10560,,0.0,0.0,0.0,1.0
73,Ripple_XRP_News,Wed Feb 07 14:17:01 +0000 2018,961242398167846912,"Hello China, welcome on board!

#ripple #xrp #ripplenet #cryptocurrency #cryptonews https://t.co/z3wSaP9grJ",90,38,en,Fri Dec 22 12:02:53 +0000 2017,10560,,0.5093,0.248,0.0,0.752
74,Ripple_XRP_News,Tue Feb 06 10:40:23 +0000 2018,960825494156513281,"Click and read the ‚Äúbattle‚Äù between #Bitcoin and #Ripple 
 
Guess who wins? #Mustread üòÄ 

Follow the master‚Ä¶ https://t.co/5O0B1KvYnG",32,11,en,Fri Dec 22 12:02:53 +0000 2017,10560,,0.5719,0.188,0.0,0.812
75,Ripple_XRP_News,Tue Feb 06 08:46:17 +0000 2018,960796780744060928,@BloombergTV  https://t.co/87QxlsU6tk,1,0,und,Fri Dec 22 12:02:53 +0000 2017,10560,,0.0,0.0,0.0,1.0
76,Ripple_XRP_News,Mon Feb 05 20:03:18 +0000 2018,960604768862457860,"What‚Äôs your strategy? 

#btc #bitcoin #xrp #ripple #cryptocrash",16,11,en,Fri Dec 22 12:02:53 +0000 2017,10560,,0.0,0.0,0.0,1.0
77,Ripple_XRP_News,Mon Feb 05 11:16:45 +0000 2018,960472257222053889,"Awesome, @Ripple thank you from the Netherlands!

One of the reasons why #Ripple enjoys a great reputation is that‚Ä¶ https://t.co/1WjsuqkV1b",124,23,en,Fri Dec 22 12:02:53 +0000 2017,10560,,0.9359,0.488,0.0,0.512
78,Ripple_XRP_News,Sun Feb 04 21:44:05 +0000 2018,960267742262775816,"Just remember, every time you are selling someone is buying your #cryptocurrency. 

#HODL. 

#xrp #ripple #bitcoin‚Ä¶ https://t.co/lorQsW9cB7",78,36,en,Fri Dec 22 12:02:53 +0000 2017,10560,,0.0,0.0,0.0,1.0
79,Ripple_XRP_News,Sat Feb 03 10:44:50 +0000 2018,959739449000292352,@blockchainekono Islem ucretleri cok dusuk derken?üôÑ Ortalama 30 dolar islem ucreti alan ve odeme yapildiginda onayl‚Ä¶ https://t.co/gITIeyIpC6,1,0,tr,Fri Dec 22 12:02:53 +0000 2017,10560,,0.0,0.0,0.0,1.0
80,Ripple_XRP_News,Fri Feb 02 22:23:38 +0000 2018,959552918935539713,@CNBCFastMoney  https://t.co/c8bXM22Hom,0,0,und,Fri Dec 22 12:02:53 +0000 2017,10560,,0.0,0.0,0.0,1.0
81,Ripple_XRP_News,Fri Feb 02 22:20:16 +0000 2018,959552074898989059,@BloombergTV Welcome to the club #cryptocrash :-),1,2,en,Fri Dec 22 12:02:53 +0000 2017,10560,,0.6486,0.515,0.0,0.485
82,Ripple_XRP_News,Fri Feb 02 19:44:39 +0000 2018,959512910090395648,"The market repeats itself like a vicious cycle. HODL &amp; be patient for the Lambo :) 

#bitcoin #ripple #btc #xrp‚Ä¶ https://t.co/zTb6xc7gKe",91,26,en,Fri Dec 22 12:02:53 +0000 2017,10560,,0.4588,0.22,0.1,0.68
83,Ripple_XRP_News,Fri Feb 02 18:32:14 +0000 2018,959494687412408322,@Cointicareti @CWest714 He‚Äôs right. The price of almost every altcoin depends on BTC. It doesn‚Äôt matter if you use‚Ä¶ https://t.co/JWieLcLm2W,2,0,en,Fri Dec 22 12:02:53 +0000 2017,10560,,0.0258,0.055,0.0,0.945
84,Ripple_XRP_News,Fri Feb 02 18:26:14 +0000 2018,959493175634284544,"Hope more exchanges will follow! 
#byebye #tether #usdt 

#xrp #ripple #cryptocrash 

 https://t.co/FIR59SRlnO",45,23,en,Fri Dec 22 12:02:53 +0000 2017,10560,,0.4926,0.225,0.0,0.775
85,Ripple_XRP_News,Fri Feb 02 18:04:55 +0000 2018,959487813564715008,@bgarlinghouse @santanderuk @Ripple  https://t.co/MUD6aqfqj3,13,2,und,Fri Dec 22 12:02:53 +0000 2017,10560,,0.0,0.0,0.0,1.0
86,Ripple_XRP_News,Fri Feb 02 18:04:32 +0000 2018,959487716575580162,Great news! https://t.co/vBKGZkXCHd,38,11,en,Fri Dec 22 12:02:53 +0000 2017,10560,,0.6588,0.687,0.0,0.313
87,Ripple_XRP_News,Fri Feb 02 16:04:43 +0000 2018,959457561459220481,"@blockchainekono @coincheck_en Haberi okuduguna emin misin? Cok dogal ve olmasi gereken yapiliyor.

‚ÄúThe FSA is now‚Ä¶ https://t.co/IEvm5QAlGv",0,0,en,Fri Dec 22 12:02:53 +0000 2017,10560,,0.0,0.0,0.0,1.0
88,Ripple_XRP_News,Fri Feb 02 10:19:51 +0000 2018,959370775936622592,"@elpocketo Well, if we are talking about the cryptomarket it‚Äôs better to follow your sixth sense than basing your t‚Ä¶ https://t.co/HSRnckTAFW",0,0,en,Fri Dec 22 12:02:53 +0000 2017,10560,,0.6124,0.208,0.0,0.792
89,Ripple_XRP_News,Fri Feb 02 09:46:18 +0000 2018,959362331636576257,"Don‚Äôt believe in charts. According to your intuition, when will the correction end? 

Use your #instinct‚Ä¶ https://t.co/QtpZpFz07n",12,5,en,Fri Dec 22 12:02:53 +0000 2017,10560,,0.0,0.0,0.0,1.0
90,Ripple_XRP_News,Fri Feb 02 09:35:29 +0000 2018,959359608484704257,"Missing the days when I was getting bored to see this üöÄ after every tweet :)

#xrp #ripple #btc #bitcoin‚Ä¶ https://t.co/CZ1bHwvIAQ",27,14,en,Fri Dec 22 12:02:53 +0000 2017,10560,,-0.0772,0.129,0.185,0.687
91,Ripple_XRP_News,Wed Jan 31 17:37:15 +0000 2018,958756073854459905,"Ripple‚Äôs Partner @santanderuk: 

Same day mobile international payments in ‚Äú3 clicks &amp; 40 seconds‚Äù for our retail c‚Ä¶ https://t.co/UlaSY2uF2j",266,152,en,Fri Dec 22 12:02:53 +0000 2017,10560,,0.0,0.0,0.0,1.0
92,Ripple_XRP_News,Wed Jan 31 12:36:59 +0000 2018,958680508849799169,"The map of country‚Äôs using RippleNet! 

#XRP #Ripple #cryptocurrency #Crypto $xrp #CryptoNews https://t.co/dVC3HVTLrP",117,55,en,Fri Dec 22 12:02:53 +0000 2017,10560,,0.0,0.0,0.0,1.0
93,Ripple_XRP_News,Tue Jan 30 23:14:30 +0000 2018,958478559521181697,"‚ÄúNo bank is interested in using $XRP‚Äù  

#ripple #XRP #justthebeginning
üëáüèºüëáüèºüëáüèºüëáüèºüëáüèºüëáüèºüëáüèºüëáüèºüëáüèºüëáüèº https://t.co/khSMwsTCtE",96,36,en,Fri Dec 22 12:02:53 +0000 2017,10560,,0.4019,0.197,0.0,0.803
94,Ripple_XRP_News,Mon Jan 29 22:43:26 +0000 2018,958108350683734016,"RT @CNBC: Ripple sold $91.6 million of digital currency XRP last quarter, as the price surged almost 30,000% https://t.co/zdAr3ejeiJ https:‚Ä¶",0,98,en,Fri Dec 22 12:02:53 +0000 2017,10560,,0.0,0.0,0.0,1.0
95,Ripple_XRP_News,Mon Jan 29 15:47:02 +0000 2018,958003562709176322,"Ripple‚Äôs native $XRP asset is in high demand on a global basis.  #BitOasis, Dubai‚Äôs top cryptocurrency exchange, wi‚Ä¶ https://t.co/GK8BEt5fdq",194,93,en,Fri Dec 22 12:02:53 +0000 2017,10560,,0.4215,0.207,0.072,0.721
96,Ripple_XRP_News,Mon Jan 29 09:42:52 +0000 2018,957911916965519360,@jpmorgan used the term ‚Äú#Ripple‚Äù on their website in reference to fast payments and liquidity. Will they adopt‚Ä¶ https://t.co/fAznPvXUcS,2,1,en,Fri Dec 22 12:02:53 +0000 2017,10560,,0.0,0.0,0.0,1.0
97,Ripple_XRP_News,Sat Jan 27 23:19:15 +0000 2018,957392588943785985,@justinsuntron @gifto_io @uplivejp @OBikeInc When?? https://t.co/FHGtbGMt7J,7,0,en,Fri Dec 22 12:02:53 +0000 2017,10560,,0.0,0.0,0.0,1.0
98,Ripple_XRP_News,Sat Jan 27 14:45:37 +0000 2018,957263330128908288,@hasler92 Blockchain Technology Evolution Conference on 26th January 2018,10,0,en,Fri Dec 22 12:02:53 +0000 2017,10560,,0.0,0.0,0.0,1.0
99,Ripple_XRP_News,Sat Jan 27 14:22:18 +0000 2018,957257462108901376,"Brad Garlinghouse gives a hint:

‚ÄúI was talking to one of the world's largest global money settlement bank on the p‚Ä¶ https://t.co/9svVRSKONw",237,120,en,Fri Dec 22 12:02:53 +0000 2017,10560,,0.0,0.0,0.0,1.0
100,Ripple_XRP_News,Sat Jan 27 09:38:46 +0000 2018,957186109083176961,@VakifBankDestek T√ºrkiyede ki bazƒ± bankalar @Ripple sistemlerini test ediyor. Sizin de bu y√∂nde ileriye d√∂n√ºk planl‚Ä¶ https://t.co/njPp6ZtXSS,0,0,tr,Fri Dec 22 12:02:53 +0000 2017,10560,,0.0,0.0,0.0,1.0
101,Ripple_XRP_News,Sat Jan 27 09:38:11 +0000 2018,957185960793595904,@Merkez_Bankasi T√ºrkiyede ki bazƒ± bankalar @Ripple sistemlerini test ediyor. Sizin de bu y√∂nde ileriye d√∂n√ºk planla‚Ä¶ https://t.co/4ObHEyCLq9,0,0,tr,Fri Dec 22 12:02:53 +0000 2017,10560,,0.0,0.0,0.0,1.0
102,Ripple_XRP_News,Sat Jan 27 09:35:58 +0000 2018,957185402720448513,@IsBankasiDestek T√ºrkiyede ki bazƒ± bankalar @Ripple sistemlerini test ediyor. Sizin de bu y√∂nde ileriye d√∂n√ºk planl‚Ä¶ https://t.co/74LoSSYJ3J,0,0,tr,Fri Dec 22 12:02:53 +0000 2017,10560,,0.0,0.0,0.0,1.0
103,Ripple_XRP_News,Sat Jan 27 09:34:55 +0000 2018,957185138365992961,@YapiKrediHizmet T√ºrkiyede ki bazƒ± bankalar @Ripple sistemlerini test ediyor. Sizin de bu y√∂nde ileriye d√∂n√ºk planl‚Ä¶ https://t.co/7yY4IAHifL,1,0,tr,Fri Dec 22 12:02:53 +0000 2017,10560,,0.0,0.0,0.0,1.0
104,Ripple_XRP_News,Sat Jan 27 09:33:56 +0000 2018,957184892604952576,@GarantiyeSor T√ºrkiyede ki bazƒ± bankalar @Ripple sistemlerini test ediyor. Sizin de bu y√∂nde ileriye d√∂n√ºk planlarƒ±‚Ä¶ https://t.co/KCyBK3VQkw,0,0,tr,Fri Dec 22 12:02:53 +0000 2017,10560,,0.0,0.0,0.0,1.0
105,Ripple_XRP_News,Sat Jan 27 09:28:36 +0000 2018,957183549811064832,@halkbanksizinle T√ºrkiyede ki bazƒ± bankalar @Ripple sistemlerini test ediyor. Sizin de bu y√∂nde ileriye d√∂n√ºk planl‚Ä¶ https://t.co/DWEOPK13xE,0,0,tr,Fri Dec 22 12:02:53 +0000 2017,10560,,0.0,0.0,0.0,1.0
106,Ripple_XRP_News,Sat Jan 27 09:18:53 +0000 2018,957181102938083330,@ingnl Hebben jullie de mogeljjkheden m.b.t. een samenwerking met @Ripple al onderzocht?,0,0,nl,Fri Dec 22 12:02:53 +0000 2017,10560,,0.0,0.0,0.0,1.0
107,Ripple_XRP_News,Sat Jan 27 09:17:31 +0000 2018,957180761479794688,@ABNAMRO Hebben jullie de mogeljjkheden m.b.t. een samenwerking met @Ripple al onderzocht?,0,0,nl,Fri Dec 22 12:02:53 +0000 2017,10560,,0.0,0.0,0.0,1.0
108,Ripple_XRP_News,Sat Jan 27 08:57:39 +0000 2018,957175762725072896,"Rabobank, a Dutch multinational banking and financial services company is considering to join the Ripple network!‚Ä¶ https://t.co/gSNobaTL4R",73,45,en,Fri Dec 22 12:02:53 +0000 2017,10560,,0.3595,0.142,0.0,0.858
109,Ripple_XRP_News,Fri Jan 26 17:49:32 +0000 2018,956947223677493249,"All XRP‚Äôs are safe confirmed by / to Ripple. 

RT &gt; STOP SPREADING FUD

#coincheck #ripple #$xrp #CryptoNews‚Ä¶ https://t.co/lMaekUSo0Y",111,63,en,Fri Dec 22 12:02:53 +0000 2017,10560,,-0.434,0.123,0.244,0.634
110,Ripple_XRP_News,Fri Jan 26 14:32:20 +0000 2018,956897596727087104,"NEW PARTNERSHIPüëçüèº

@CreditAgricole, 2nd bank in France &amp; 3rd bank in Europe announced #partnership with @ripple‚Ä¶ https://t.co/Uup9WAaNaK",338,204,en,Fri Dec 22 12:02:53 +0000 2017,10560,,0.0,0.0,0.0,1.0
111,Ripple_XRP_News,Fri Jan 26 14:08:21 +0000 2018,956891563090759680,"HIGHLY RECOMMENDED

We saw it happen before and we know it‚Äôs just a matter of time it can happen again. That's why‚Ä¶ https://t.co/nBmKGZdiFw",21,16,en,Fri Dec 22 12:02:53 +0000 2017,10560,,0.566,0.189,0.0,0.811
112,Ripple_XRP_News,Fri Jan 26 10:37:06 +0000 2018,956838399951998977,"News:

A exchange in Japan, #Coincheck has frozen all withdrawals as around $700 million disappears from its' walle‚Ä¶ https://t.co/ZzWZfGZ88H",30,27,en,Fri Dec 22 12:02:53 +0000 2017,10560,,-0.34,0.0,0.124,0.876
113,Ripple_XRP_News,Fri Jan 26 10:30:50 +0000 2018,956836824709783552,"Well, let‚Äôs see how the #cryptomarket is doing today... 

#cryptocrash #bitcoin #cme #Futures #WallStreet #Ripple‚Ä¶ https://t.co/AcQW9gJWK2",22,5,en,Fri Dec 22 12:02:53 +0000 2017,10560,,0.2732,0.123,0.0,0.877
114,Ripple_XRP_News,Thu Jan 25 22:11:22 +0000 2018,956650732266061824,Tomorrow is the expiration date of the #CME #Futures. Let‚Äôs hope this will end all this uncertainty and recover the‚Ä¶ https://t.co/3f1EVfjKN0,101,41,en,Fri Dec 22 12:02:53 +0000 2017,10560,,0.0387,0.118,0.112,0.771
115,Ripple_XRP_News,Wed Jan 24 22:12:15 +0000 2018,956288563552882688,Poll: Would you also like to see updates about other coins?,9,4,en,Fri Dec 22 12:02:53 +0000 2017,10560,,0.3612,0.2,0.0,0.8
116,Ripple_XRP_News,Wed Jan 24 21:51:08 +0000 2018,956283250883874816,@deniz_k_k @blockchainekono Neyk? https://t.co/NFpyg8Y0dW,0,0,tr,Fri Dec 22 12:02:53 +0000 2017,10560,,0.0,0.0,0.0,1.0
117,Ripple_XRP_News,Wed Jan 24 20:40:03 +0000 2018,956265363913756672,"How Ripple‚Äôs xCurrent real-time settlement network works:

$XRP #Ripple #xCurrent #RippleNet https://t.co/IDP4SWxpcN",54,22,en,Fri Dec 22 12:02:53 +0000 2017,10560,,0.0,0.0,0.0,1.0
118,Ripple_XRP_News,Wed Jan 24 17:24:00 +0000 2018,956216023023316992,"‚ÄúWe have explored using XRP as a liquidity tool.
2016: Successful proof of concept (PoC) with 12 banks
2017: Optimi‚Ä¶ https://t.co/czRqyg9k7J",25,16,en,Fri Dec 22 12:02:53 +0000 2017,10560,,0.5859,0.167,0.0,0.833
119,Ripple_XRP_News,Wed Jan 24 16:33:18 +0000 2018,956203265716379649,"LIVE $XRP Transaction #ATB to #Reisebank in just 8 Seconds! 

#usecase #ripple #xrpthestandard #XRP https://t.co/0t92N1P4fi",540,316,en,Fri Dec 22 12:02:53 +0000 2017,10560,,0.0,0.0,0.0,1.0
120,Ripple_XRP_News,Wed Jan 24 16:08:09 +0000 2018,956196935995621376,"This is how Ripple works

#xrp #Ripple #xRapid #xrpthestandard $xrp https://t.co/PwEWtCfwzT",65,40,en,Fri Dec 22 12:02:53 +0000 2017,10560,,0.0,0.0,0.0,1.0
121,Ripple_XRP_News,Wed Jan 24 15:30:36 +0000 2018,956187484320337920,"Official announcement #Ripple

#Partnership #xRapid $XRP 
$btc $eth $ltc $trx $ada $xlm #bitcoin https://t.co/L5cbH61JN8",15,6,nl,Fri Dec 22 12:02:53 +0000 2017,10560,,0.0,0.0,0.0,1.0
122,Ripple_XRP_News,Wed Jan 24 15:21:26 +0000 2018,956185179336429574,@patgriffin9  https://t.co/sKCY7GjBKa,22,2,und,Fri Dec 22 12:02:53 +0000 2017,10560,,0.0,0.0,0.0,1.0
123,Ripple_XRP_News,Wed Jan 24 15:10:37 +0000 2018,956182457413488640,"‚ÄúThe financial technology company, best known for its native digital currency $XRP, announced Wednesday two payment‚Ä¶ https://t.co/vTaKp8sjiz",60,40,en,Fri Dec 22 12:02:53 +0000 2017,10560,,0.6369,0.208,0.0,0.792
124,Ripple_XRP_News,Wed Jan 24 15:01:11 +0000 2018,956180081809993730,.. at various stages of completion in the pipeline. We‚Äôll look to make those public as they‚Äôre signed and our partn‚Ä¶ https://t.co/idlEHgLFj7,12,3,en,Fri Dec 22 12:02:53 +0000 2017,10560,,0.0,0.0,0.0,1.0
125,Ripple_XRP_News,Wed Jan 24 15:01:10 +0000 2018,956180078013988865,"xRapid - New partnerships

On January 11, 2018, we formally announced a partnership with #MoneyGram ‚Äî one of the wo‚Ä¶ https://t.co/cfcXhKgO2K",31,11,en,Fri Dec 22 12:02:53 +0000 2017,10560,,0.0,0.0,0.0,1.0
126,Ripple_XRP_News,Wed Jan 24 14:56:32 +0000 2018,956178914690392065,... XRP achieves its goal of becoming the digital standard for international value transfer.,5,2,en,Fri Dec 22 12:02:53 +0000 2017,10560,,0.34,0.156,0.0,0.844
127,Ripple_XRP_News,Wed Jan 24 14:56:32 +0000 2018,956178911238516737,"What‚Äôs on the Horizon for Q1 2018?

2018 is likely to be a pivotal year for the broader digital asset markets as a‚Ä¶ https://t.co/LiyraGIqEH",13,3,en,Fri Dec 22 12:02:53 +0000 2017,10560,,0.3612,0.102,0.0,0.898
128,Ripple_XRP_News,Wed Jan 24 14:48:34 +0000 2018,956176907447472128,"Interestingly, this retracement of market share didn‚Äôt apply to KRW prices. As $XRP advanced in Q4, so did Korea‚Äôs‚Ä¶ https://t.co/awN7tlOc0W",7,7,en,Fri Dec 22 12:02:53 +0000 2017,10560,,0.7096,0.289,0.0,0.711
129,Ripple_XRP_News,Wed Jan 24 14:46:16 +0000 2018,956176330428747776,"Korea‚Äôs Impact Continues

Though Korean markets continued to be a significant driver of #XRP activity during the qu‚Ä¶ https://t.co/WlDR9WM3Ff",35,19,en,Fri Dec 22 12:02:53 +0000 2017,10560,,0.2023,0.096,0.0,0.904
130,Ripple_XRP_News,Wed Jan 24 14:38:50 +0000 2018,956174456858214400,XRP became available across more than 50 exchanges globally-which was likely a driver of growth as well. This is th‚Ä¶ https://t.co/0KkYxmOnGp,37,31,en,Fri Dec 22 12:02:53 +0000 2017,10560,,0.5719,0.207,0.0,0.793
131,Ripple_XRP_News,Wed Jan 24 14:30:26 +0000 2018,956172346884313088,"@Tifosa1982 @JoelKatz Try again, it works for me. https://t.co/BRDviqvt4A",0,0,en,Fri Dec 22 12:02:53 +0000 2017,10560,,0.0,0.0,0.0,1.0
132,Ripple_XRP_News,Wed Jan 24 14:19:40 +0000 2018,956169637040975872,"Q4 2017 XRP Markets Report

#xrp #ripple $xrp #CryptoNews 

https://t.co/V2H2glhJj5",39,23,es,Fri Dec 22 12:02:53 +0000 2017,10560,,0.0,0.0,0.0,1.0
133,Ripple_XRP_News,Wed Jan 24 10:22:53 +0000 2018,956110048836583424,"26.01.2018 Blockchain Conference
Speaker: @bgarlinghouse

#xrp #ripple #blockchain #conference #CryptoNews‚Ä¶ https://t.co/nD5DHWhJm3",50,36,en,Fri Dec 22 12:02:53 +0000 2017,10560,,0.0,0.0,0.0,1.0
134,Ripple_XRP_News,Tue Jan 23 15:50:50 +0000 2018,955830190818590721,"You can do it, #HODL on! 

#xrp #ripple #btc #bitcoin #altcoin #cryptocrash #cryptomarket https://t.co/Ov59fR7a9s",39,17,en,Fri Dec 22 12:02:53 +0000 2017,10560,,0.0,0.0,0.0,1.0
135,Ripple_XRP_News,Mon Jan 22 21:47:37 +0000 2018,955557588757827584,@skynetcapital @JoelKatz He developed encrypted cloud storage and enterprise messaging systems for organizations li‚Ä¶ https://t.co/7qlKTu7MM3,9,0,en,Fri Dec 22 12:02:53 +0000 2017,10560,,0.0,0.0,0.0,1.0
136,Ripple_XRP_News,Mon Jan 22 21:36:00 +0000 2018,955554667311849474,"Why wouldn‚Äôt banks just make their own version (of XRP)? 

@JoelKatz‚Äôs answer...

$XRP #ripple #xrp #cryptocurrency‚Ä¶ https://t.co/Oyf0F2T2w0",88,37,en,Fri Dec 22 12:02:53 +0000 2017,10560,,0.0,0.0,0.0,1.0
137,Ripple_XRP_News,Sat Jan 20 10:39:13 +0000 2018,954664607670587392,@LTCFoundation  https://t.co/BBtt9UjXOz,6,1,und,Fri Dec 22 12:02:53 +0000 2017,10560,,0.0,0.0,0.0,1.0
138,Ripple_XRP_News,Fri Jan 19 18:16:16 +0000 2018,954417238127280128,"@Ripple Yes, I own #XRP
Yes, it‚Äôs decentralized 
No, @Ripple cannot freeze my XRP
Yes, FI‚Äôs use XRP
No, it‚Äôs not ju‚Ä¶ https://t.co/X4x9E4jexD",86,26,en,Fri Dec 22 12:02:53 +0000 2017,10560,,0.5502,0.273,0.187,0.54
139,Ripple_XRP_News,Fri Jan 19 18:12:39 +0000 2018,954416329511133184,"Yes, I own #XRP
Yes, it‚Äôs decentralized 
No, @Ripple cannot freeze my XRP
Yes, FI‚Äôs use XRP
No, it‚Äôs not just for b‚Ä¶ https://t.co/KtxIRpTDxY",83,33,en,Fri Dec 22 12:02:53 +0000 2017,10560,,0.5502,0.264,0.181,0.555
140,Ripple_XRP_News,Fri Jan 19 00:00:48 +0000 2018,954141554251390978,"9. Can Ripple create more XRP?

No. Ripple the company didn‚Äôt create XRP; 100 billion XRP was created before the co‚Ä¶ https://t.co/drKKj6vezr",16,6,en,Fri Dec 22 12:02:53 +0000 2017,10560,,0.4062,0.232,0.093,0.675
141,Ripple_XRP_News,Fri Jan 19 00:00:47 +0000 2018,954141552334516224,"8. Can Ripple freeze XRP transactions? Are they able to view or monitor transactions?

No one can freeze XRP, inclu‚Ä¶ https://t.co/yVae9kQVeK",7,3,en,Fri Dec 22 12:02:53 +0000 2017,10560,,-0.2869,0.12,0.096,0.784
142,Ripple_XRP_News,Fri Jan 19 00:00:47 +0000 2018,954141550258393088,"What‚Äôs more, XRP settles in three to five seconds, which means financial institutions are exposed to limited volati‚Ä¶ https://t.co/1HxJczdNNO",3,0,en,Fri Dec 22 12:02:53 +0000 2017,10560,,-0.296,0.0,0.158,0.842
143,Ripple_XRP_News,Fri Jan 19 00:00:46 +0000 2018,954141548412891137,"7. Does the price volatility of XRP impact whether financial institutions adopt xRapid?

No. Ripple has a stable ca‚Ä¶ https://t.co/s30kEZ2dUh",3,0,en,Fri Dec 22 12:02:53 +0000 2017,10560,,0.1779,0.176,0.1,0.724
144,Ripple_XRP_News,Fri Jan 19 00:00:46 +0000 2018,954141546760335360,"6. Which wallet should I use?

Ripple does not endorse, recommend, or make any representations with respect to digi‚Ä¶ https://t.co/hLsfyWfy3r",2,0,en,Fri Dec 22 12:02:53 +0000 2017,10560,,0.0072,0.134,0.176,0.69
145,Ripple_XRP_News,Fri Jan 19 00:00:45 +0000 2018,954141544457621504,including contributing to the longer-term strategy to encourage the use of XRP as a liquidity tool for financial in‚Ä¶ https://t.co/x0B5SY8NlE,2,0,en,Fri Dec 22 12:02:53 +0000 2017,10560,,0.5106,0.155,0.0,0.845
146,Ripple_XRP_News,Fri Jan 19 00:00:45 +0000 2018,954141542553354240,"The XRP Ledger is #decentralized. If Ripple ceased to exist, the XRP Ledger would continue to exist. Ripple has an‚Ä¶ https://t.co/3UtKyLJ6wM",1,0,en,Fri Dec 22 12:02:53 +0000 2017,10560,,0.0,0.0,0.0,1.0
147,Ripple_XRP_News,Fri Jan 19 00:00:45 +0000 2018,954141540493987840,"5. Is the XRP Ledger centralized?

This is a top misconception with the XRP Ledger. Centralization implies that a s‚Ä¶ https://t.co/pgHedisZsv",1,0,en,Fri Dec 22 12:02:53 +0000 2017,10560,,0.2023,0.091,0.0,0.909
148,Ripple_XRP_News,Fri Jan 19 00:00:44 +0000 2018,954141538602422277,"To purchase XRP you must use an exchange or gateway and/or have a digital wallet. Ripple does not endorse, recommen‚Ä¶ https://t.co/erDguAfbVE",1,0,en,Fri Dec 22 12:02:53 +0000 2017,10560,,-0.2411,0.0,0.094,0.906
149,Ripple_XRP_News,Fri Jan 19 00:00:44 +0000 2018,954141536744300544,"It‚Äôs an open-source code base that actively develops and maintains the ledger. Since XRP Ledger‚Äôs inception, we‚Äôve‚Ä¶ https://t.co/oGGpxjq2Zu",1,0,en,Fri Dec 22 12:02:53 +0000 2017,10560,,0.3182,0.119,0.0,0.881
150,Ripple_XRP_News,Fri Jan 19 00:00:43 +0000 2018,954141534257078272,"4. How secure is XRP? Do I have to use exchanges?

The XRP Ledger is where XRP transactions occur and are recorded.‚Ä¶ https://t.co/cfNmkW4B9a",1,0,en,Fri Dec 22 12:02:53 +0000 2017,10560,,0.4137,0.116,0.0,0.884
151,Ripple_XRP_News,Fri Jan 19 00:00:43 +0000 2018,954141532386418688,"3. How many financial institutions have adopted XRP?
As of January 2018, MoneyGram and Cuallix -two major payment p‚Ä¶ https://t.co/g3RZPl0Msy",2,0,en,Fri Dec 22 12:02:53 +0000 2017,10560,,0.0,0.0,0.0,1.0
152,Ripple_XRP_News,Fri Jan 19 00:00:42 +0000 2018,954141529806966786,"2. What is the difference between XRP, XRP Ledger, and Ripple?

XRP is the digital asset native to XRP Ledger. The‚Ä¶ https://t.co/Lbe4cV13PY",1,0,en,Fri Dec 22 12:02:53 +0000 2017,10560,,0.3612,0.106,0.0,0.894
153,Ripple_XRP_News,Fri Jan 19 00:00:41 +0000 2018,954141524761239553,"1. How do I buy XRP?

XRP is available for purchase on more than 60 digital asset exchanges worldwide, many of whic‚Ä¶ https://t.co/tTvH8oSwOW",1,0,en,Fri Dec 22 12:02:53 +0000 2017,10560,,0.3612,0.106,0.0,0.894
154,Ripple_XRP_News,Fri Jan 19 00:00:40 +0000 2018,954141522944983050,We have the answers to your top FAQs about $XRP and #Ripple here:,15,6,en,Fri Dec 22 12:02:53 +0000 2017,10560,,0.2023,0.13,0.0,0.87
155,Ripple_XRP_News,Thu Jan 18 22:50:32 +0000 2018,954123870641979393,"My grandpa said: I hodled my investments in Land for more than 40 years, also in times of war and financial crisis.‚Ä¶ https://t.co/x2nigeWkTk",94,22,en,Fri Dec 22 12:02:53 +0000 2017,10560,,-0.5994,0.0,0.157,0.843
156,Ripple_XRP_News,Thu Jan 18 21:02:50 +0000 2018,954096769968889856,@blockchainekono  https://t.co/D1RdE6uWo0,1,0,und,Fri Dec 22 12:02:53 +0000 2017,10560,,0.0,0.0,0.0,1.0
157,Ripple_XRP_News,Thu Jan 18 19:12:57 +0000 2018,954069114695421957,@FortuneMagazine  https://t.co/EKADY10kc8,0,0,und,Fri Dec 22 12:02:53 +0000 2017,10560,,0.0,0.0,0.0,1.0
158,Ripple_XRP_News,Thu Jan 18 18:25:31 +0000 2018,954057178104647680,Crypto investors be like... https://t.co/YIC521W5kw,73,29,en,Fri Dec 22 12:02:53 +0000 2017,10560,,0.0,0.0,0.0,1.0
159,Ripple_XRP_News,Thu Jan 18 17:49:04 +0000 2018,954048006285942784,"Another way to earn some money... :-) 

#india #einstein #crypto #ripple #bitcoin #CryptoNews https://t.co/UbIjoJpHQQ",26,18,en,Fri Dec 22 12:02:53 +0000 2017,10560,,0.3182,0.15,0.0,0.85
160,Ripple_XRP_News,Thu Jan 18 17:29:37 +0000 2018,954043110421680130,"Top 100 cryptocurrencies described in 4 words or less.

#xrp #ripple #bitcoin #ethereum #litecoin #tron #trx‚Ä¶ https://t.co/HzZSFBQk9L",48,31,en,Fri Dec 22 12:02:53 +0000 2017,10560,,0.2023,0.107,0.0,0.893
161,Ripple_XRP_News,Thu Jan 18 17:18:12 +0000 2018,954040239269597187,@justinsuntron  https://t.co/rArbKH7npn,19,3,und,Fri Dec 22 12:02:53 +0000 2017,10560,,0.0,0.0,0.0,1.0
162,Ripple_XRP_News,Thu Jan 18 15:18:26 +0000 2018,954010095490338818,"Cryptocurrencies transaction speeds compared to Visa and Paypal. 

#ripple $xrp #xrpthestandard #cryptonews https://t.co/rZe1d2sHCa",51,23,en,Fri Dec 22 12:02:53 +0000 2017,10560,,0.0,0.0,0.0,1.0
163,Ripple_XRP_News,Thu Jan 18 12:44:11 +0000 2018,953971279928930306,"RT @yoshitaka_kitao: Ripple, the company behind cryptocurrency XRP, is betting big on Asia (via @BIAUS) https://t.co/bUhrucJbGJ",0,111,en,Fri Dec 22 12:02:53 +0000 2017,10560,,0.0,0.0,0.0,1.0
164,Ripple_XRP_News,Thu Jan 18 09:00:19 +0000 2018,953914941655920640,"OMG this is the end! üò≥

#cryptocrash #ripple #xrp #btc #bitcoin #cryptotrading #cryptonews https://t.co/qYmmIcWJFL",72,18,en,Fri Dec 22 12:02:53 +0000 2017,10560,,0.0,0.0,0.0,1.0
165,Ripple_XRP_News,Wed Jan 17 16:52:54 +0000 2018,953671481648713728,"@anthonybayss https://t.co/WEwf7ofElz

https://t.co/vhkCGoSNYM

https://t.co/XRxlQ7hi1U",1,0,und,Fri Dec 22 12:02:53 +0000 2017,10560,,0.0,0.0,0.0,1.0
166,Ripple_XRP_News,Wed Jan 17 16:40:08 +0000 2018,953668270317604864,"Please read and RT to help people understand how this game works. 

#HODL

#Bitcoin #CBOE #CME #Futures #Crash‚Ä¶ https://t.co/SWVob6m3VH",112,88,en,Fri Dec 22 12:02:53 +0000 2017,10560,,0.6124,0.227,0.0,0.773
167,Ripple_XRP_News,Wed Jan 17 16:33:26 +0000 2018,953666582613544963,"I miss you more than anything ‚ù§Ô∏è#MOON

$xrp #ripple $btc #bitcoin $eth #ethereum $trx #tron #litecoin #CryptoNews‚Ä¶ https://t.co/swnxHQPKnQ",30,7,en,Fri Dec 22 12:02:53 +0000 2017,10560,,-0.1531,0.0,0.091,0.909
168,Ripple_XRP_News,Wed Jan 17 15:37:37 +0000 2018,953652538372444160,"@blockchainekono √ñve √∂ve bitiremedin, sonunda nazar deƒüdirdin karde≈ü :-)",1,0,tr,Fri Dec 22 12:02:53 +0000 2017,10560,,0.3182,0.223,0.0,0.777
169,Ripple_XRP_News,Wed Jan 17 15:19:47 +0000 2018,953648049267593216,Ironic to see how some ppl were extremely defending decentralization with a anti-bank attitude while they are chang‚Ä¶ https://t.co/F8eArVzTxr,37,8,en,Fri Dec 22 12:02:53 +0000 2017,10560,,-0.128,0.0,0.081,0.919
170,Ripple_XRP_News,Wed Jan 17 11:39:34 +0000 2018,953592629408731136,"@blockchainekono Su durumda oturup felsefe yapmak, Titanic batarken keman calmak gibi birsey olsa gerek :-)",15,0,tr,Fri Dec 22 12:02:53 +0000 2017,10560,,0.3182,0.141,0.0,0.859
171,Ripple_XRP_News,Wed Jan 17 10:34:11 +0000 2018,953576175330357248,"The altcoin prices are almost the same like a month ago...

- A few weeks ago: ‚ÄúI was so stupid that I didn‚Äôt buy s‚Ä¶ https://t.co/wGqFnfCb2D",17,6,en,Fri Dec 22 12:02:53 +0000 2017,10560,,-0.4819,0.084,0.164,0.752
172,Ripple_XRP_News,Tue Jan 16 15:18:22 +0000 2018,953285305372692481,@LedgerHQ Congrats! https://t.co/1vvC63kLAW,10,0,en,Fri Dec 22 12:02:53 +0000 2017,10560,,0.5707,0.649,0.0,0.351
173,Ripple_XRP_News,Tue Jan 16 14:31:48 +0000 2018,953273586978050049,"Keep calm and HODL. 

#xrp #ripple #cryptomarket #crypto #crash #bitcoin #CryptoNews https://t.co/tUhzpntN3N",125,71,en,Fri Dec 22 12:02:53 +0000 2017,10560,,0.3182,0.173,0.0,0.827
174,Ripple_XRP_News,Tue Jan 16 08:48:32 +0000 2018,953187199306076165,"Overloaded Cryptomarket #exchanges 

#Ripple #Bitcoin #Ethereum #Litecoin #Dash #Ada #Tron #binance #kraken‚Ä¶ https://t.co/F8BEp40NYA",33,13,en,Fri Dec 22 12:02:53 +0000 2017,10560,,0.0,0.0,0.0,1.0
175,Ripple_XRP_News,Tue Jan 16 07:57:16 +0000 2018,953174299686383616,"When you‚Äôre trying to explain some friends what #bitcoin is and how it works... 

#blockchain #ripple #ethereum‚Ä¶ https://t.co/PJziIt3wsm",38,13,en,Fri Dec 22 12:02:53 +0000 2017,10560,,0.4767,0.154,0.0,0.846
176,Ripple_XRP_News,Tue Jan 16 07:48:56 +0000 2018,953172203180306432,@blockchainekono Videonun tam olarak neresinde yatirim tavsiyesi vermis? Analiz yapip aradaki farklari anlatmaya ca‚Ä¶ https://t.co/YyDebZdRdh,0,0,tr,Fri Dec 22 12:02:53 +0000 2017,10560,,0.0,0.0,0.0,1.0
177,Ripple_XRP_News,Mon Jan 15 16:29:49 +0000 2018,952940897032966145,@vergecurrency  https://t.co/VtWuUj0X2B,14,1,und,Fri Dec 22 12:02:53 +0000 2017,10560,,0.0,0.0,0.0,1.0
178,Ripple_XRP_News,Sun Jan 14 21:52:13 +0000 2018,952659644845035525,@OzDwitter @justinsuntron Show me :-),6,0,en,Fri Dec 22 12:02:53 +0000 2017,10560,,0.3182,0.365,0.0,0.635
179,Ripple_XRP_News,Sun Jan 14 21:48:46 +0000 2018,952658774682210307,@justinsuntron The promised announcement? https://t.co/vcFYFbQFGH,89,4,en,Fri Dec 22 12:02:53 +0000 2017,10560,,0.3612,0.385,0.0,0.615
180,Ripple_XRP_News,Sun Jan 14 20:34:07 +0000 2018,952639991343173632,@davidgokhshtein https://t.co/KJl00yDZXE,5,0,und,Fri Dec 22 12:02:53 +0000 2017,10560,,0.0,0.0,0.0,1.0
181,Ripple_XRP_News,Sun Jan 14 20:12:42 +0000 2018,952634599443746816,"If you bought into a quality coin and believe in its community and tech, don't let weak hands deter you from stayin‚Ä¶ https://t.co/5jn14Ydovo",70,25,en,Fri Dec 22 12:02:53 +0000 2017,10560,,0.3412,0.103,0.0,0.897
182,Ripple_XRP_News,Sat Jan 13 20:22:32 +0000 2018,952274687383523328,"And the oscar goes to.... 

#ripple #bitcoin #ethereum #litecoin $xrp $btc $eth $ltc https://t.co/IkzoBHrAw3",28,8,en,Fri Dec 22 12:02:53 +0000 2017,10560,,0.0,0.0,0.0,1.0
183,Ripple_XRP_News,Sat Jan 13 18:38:56 +0000 2018,952248617334661120,@justinsuntron WHO? https://t.co/aY3SFB1B6j,21,1,und,Fri Dec 22 12:02:53 +0000 2017,10560,,0.0,0.0,0.0,1.0
184,Ripple_XRP_News,Sat Jan 13 18:10:42 +0000 2018,952241509667102721,@krakenfx  https://t.co/mz507yO5cR,5,0,und,Fri Dec 22 12:02:53 +0000 2017,10560,,0.0,0.0,0.0,1.0
185,Ripple_XRP_News,Sat Jan 13 17:50:44 +0000 2018,952236483854917632,@LorenzoCorneli0 @bgarlinghouse would not confirm 3/5 companies if they were not already using Ripple‚Äôs tech. Accor‚Ä¶ https://t.co/BYUl0I80Bf,1,0,en,Fri Dec 22 12:02:53 +0000 2017,10560,,0.0,0.0,0.0,1.0
186,Ripple_XRP_News,Sat Jan 13 17:32:17 +0000 2018,952231843394400257,"Top 5 money transfer companies plan to use $XRP in 2018. 

1 - #WesternUnion‚ùì
2 - #MoneyGram ‚úÖ
3 - #TransferWise ‚ùé‚Ä¶ https://t.co/DO5GpWjpSE",94,49,en,Fri Dec 22 12:02:53 +0000 2017,10560,,0.2023,0.114,0.0,0.886
187,Ripple_XRP_News,Sat Jan 13 10:55:09 +0000 2018,952131899752943622,"RT @Ripple_XRP_News: Brad is the CEO of Ripple and a member of the Board of Directors. Prior to Ripple, Brad served as the CEO of file coll‚Ä¶",0,3,en,Fri Dec 22 12:02:53 +0000 2017,10560,,0.0,0.0,0.0,1.0
188,Ripple_XRP_News,Sat Jan 13 10:07:57 +0000 2018,952120022004125696,RT @Ripple_XRP_News: David Schwartz aka. @JoelKatz is Chief Cryptographer at Ripple. David is one of the original architects of the #Ripple‚Ä¶,0,59,en,Fri Dec 22 12:02:53 +0000 2017,10560,,0.3182,0.103,0.0,0.897
189,Ripple_XRP_News,Fri Jan 12 21:08:32 +0000 2018,951923874966450183,"Clarification: 

Selly is supporting $XRP as a payment method, but the relation between @SellyLLC and @Ripple canno‚Ä¶ https://t.co/uqBOXDMKNx",29,7,en,Fri Dec 22 12:02:53 +0000 2017,10560,,0.2382,0.109,0.0,0.891
190,Ripple_XRP_News,Fri Jan 12 18:47:12 +0000 2018,951888308132605952,@leoaugie @schiopu_neculai @ClintEa21 @Helloshanugupta @mishrpun XRP is not a minable coin https://t.co/pOaXtmEnai,0,0,en,Fri Dec 22 12:02:53 +0000 2017,10560,,0.0,0.0,0.0,1.0
191,Ripple_XRP_News,Fri Jan 12 17:45:34 +0000 2018,951872796107395072,"@SellyLLC @Ripple Selly is trusted by 300,000+ users across 214 countries every month. 

Supports a wide range of p‚Ä¶ https://t.co/BR4Yb2nQ1x",30,12,en,Fri Dec 22 12:02:53 +0000 2017,10560,,0.6808,0.248,0.0,0.752
192,Ripple_XRP_News,Fri Jan 12 17:31:48 +0000 2018,951869332438609921,@Atheerkamal141 @SellyLLC @Ripple  https://t.co/bKQtsX3tl5,1,0,und,Fri Dec 22 12:02:53 +0000 2017,10560,,0.0,0.0,0.0,1.0
193,Ripple_XRP_News,Fri Jan 12 17:29:51 +0000 2018,951868841054883845,@justinsuntron  https://t.co/0dyGCHqssF,24,1,und,Fri Dec 22 12:02:53 +0000 2017,10560,,0.0,0.0,0.0,1.0
194,Ripple_XRP_News,Fri Jan 12 17:28:54 +0000 2018,951868602659033088,"Another partnership! 

^@SellyLLC now supports @Ripple (XRP) payments. Easily accept $XRP payments and enjoy the be‚Ä¶ https://t.co/soTJFIWYSe",115,60,en,Fri Dec 22 12:02:53 +0000 2017,10560,,0.8748,0.458,0.0,0.542
195,Ripple_XRP_News,Thu Jan 11 23:46:55 +0000 2018,951601347824111617,"The list is updated. Here you can find the current partners. 

There are still 2 unrevealed names left from the top‚Ä¶ https://t.co/SmVmaIxgXL",86,54,en,Fri Dec 22 12:02:53 +0000 2017,10560,,0.0,0.0,0.0,1.0
196,Ripple_XRP_News,Thu Jan 11 22:24:19 +0000 2018,951580557900701696,"@TrollFarmer360 No, follow @Ripple for official announcements  :-) 

@bgarlinghouse for great smashes

@JoelKatz an‚Ä¶ https://t.co/LweVFkqCRz",3,0,en,Fri Dec 22 12:02:53 +0000 2017,10560,,0.6369,0.311,0.107,0.583
197,Ripple_XRP_News,Thu Jan 11 21:57:43 +0000 2018,951573865951645697,@SatoshiLite @kfc_canada The Ripple bucked will be served within 3 seconds to1500 customers :-) https://t.co/xZfLjmPJwC,4,0,en,Fri Dec 22 12:02:53 +0000 2017,10560,,0.3182,0.15,0.0,0.85
198,Ripple_XRP_News,Thu Jan 11 21:49:05 +0000 2018,951571691272056832,"Nice clip from CNBC about the partnership with Moneygram. 

$xrp #ripple #xrapid #xrpthestandard #CryptoNews 

 https://t.co/2VauPeM1Oo",86,46,en,Fri Dec 22 12:02:53 +0000 2017,10560,,0.4215,0.167,0.0,0.833
199,Ripple_XRP_News,Thu Jan 11 21:15:47 +0000 2018,951563310784184320,"@JoelKatz @Jamesallenpiano Here is your solution to make us forget it, dear @JoelKatz 

This xTime machine brings y‚Ä¶ https://t.co/cUZQcV2Bbw",5,0,en,Fri Dec 22 12:02:53 +0000 2017,10560,,0.4588,0.215,0.083,0.702
200,Ripple_XRP_News,Thu Jan 11 20:49:41 +0000 2018,951556745578602497,"@ActsOfK1ndness @Lindaproject I hope so, but the potential price should not be the maingoal of any project. It‚Äôs al‚Ä¶ https://t.co/hOr9KqXI5a",4,0,en,Fri Dec 22 12:02:53 +0000 2017,10560,,0.2382,0.098,0.0,0.902
201,Ripple_XRP_News,Thu Jan 11 20:36:04 +0000 2018,951553315795595265,About 3-4 hours from now on.,16,0,en,Fri Dec 22 12:02:53 +0000 2017,10560,,0.0,0.0,0.0,1.0
202,Ripple_XRP_News,Thu Jan 11 20:33:03 +0000 2018,951552558253920256,"Waiting for the Asian market to wake up. 

Get prepared for round 2üçø

$xrp #ripple #xrpthestandard https://t.co/BHt5k02V3t",112,33,en,Fri Dec 22 12:02:53 +0000 2017,10560,,0.2263,0.106,0.0,0.894
203,Ripple_XRP_News,Thu Jan 11 18:06:28 +0000 2018,951515671015419905,@Andreas79477508 @Lindaproject So you don‚Äôt have a bankaccount? You don‚Äôt use any of their services? You don‚Äôt like‚Ä¶ https://t.co/Uunky8efqg,1,0,en,Fri Dec 22 12:02:53 +0000 2017,10560,,0.0,0.0,0.0,1.0
204,Ripple_XRP_News,Thu Jan 11 18:01:31 +0000 2018,951514421720952832,"@Andreas79477508 @Lindaproject Maybe, but I don‚Äôt own a bank so what‚Äôs your point?",0,0,en,Fri Dec 22 12:02:53 +0000 2017,10560,,0.0,0.0,0.0,1.0
205,Ripple_XRP_News,Thu Jan 11 17:45:19 +0000 2018,951510345683734533,@Lindaproject Is the price your motivation?,19,0,en,Fri Dec 22 12:02:53 +0000 2017,10560,,0.34,0.324,0.0,0.676
206,Ripple_XRP_News,Thu Jan 11 16:50:17 +0000 2018,951496495173439488,"@bitcoineir @blockchainekono @MoneyGram Yanlis bilgilendirilmissiniz, zaten bilerek yanlis bilgilendiriyorlar. Ripp‚Ä¶ https://t.co/3GSD0A4R27",2,0,tr,Fri Dec 22 12:02:53 +0000 2017,10560,,0.0,0.0,0.0,1.0
207,Ripple_XRP_News,Thu Jan 11 16:21:08 +0000 2018,951489162485682176,"@blockchainekono @MoneyGram Gecenlerde XRP almak sadece Ripple firmasini zengin etmektir, bankalarin XRP kullanmadi‚Ä¶ https://t.co/L4TQxjQ0kq",5,1,tr,Fri Dec 22 12:02:53 +0000 2017,10560,,0.0,0.0,0.0,1.0
208,Ripple_XRP_News,Thu Jan 11 15:45:19 +0000 2018,951480146590126080,"Alex Holmes, CEO of MoneyGram,
""Every day blockchain technology is changing the norm and encouraging innovation.‚Ä¶ https://t.co/wjfMfamLHK",100,39,en,Fri Dec 22 12:02:53 +0000 2017,10560,,0.5267,0.175,0.0,0.825
209,Ripple_XRP_News,Thu Jan 11 15:29:15 +0000 2018,951476105873182720,@MoneyGram @Ripple  https://t.co/gAgySDf4jd,59,6,und,Fri Dec 22 12:02:53 +0000 2017,10560,,0.0,0.0,0.0,1.0
210,Ripple_XRP_News,Thu Jan 11 15:27:00 +0000 2018,951475539809882113,"MUSTREAD for FUD-spreaders

Moneygram will use xRapid! 

‚ÄúMoneyGram will access and use $XRP, the native digital as‚Ä¶ https://t.co/oNkPxngBNs",24,16,en,Fri Dec 22 12:02:53 +0000 2017,10560,,0.0,0.0,0.0,1.0
211,Ripple_XRP_News,Thu Jan 11 15:10:06 +0000 2018,951471285615374336,"Ripple‚Äôs new partner @MoneyGram 

- Send money online or in person
- 200+ countries
- 350.000+ locations
- 2700+ em‚Ä¶ https://t.co/686J40mnvH",1272,823,en,Fri Dec 22 12:02:53 +0000 2017,10560,,0.0,0.0,0.0,1.0
212,Ripple_XRP_News,Thu Jan 11 14:37:20 +0000 2018,951463037369749510,"Damn, what a man with a clear vision, realistic ambitions and delivering good work with his team! #loveXRP‚Ä¶ https://t.co/WN3dCgQpd7",40,15,en,Fri Dec 22 12:02:53 +0000 2017,10560,,0.6239,0.332,0.115,0.553
213,Ripple_XRP_News,Thu Jan 11 14:32:34 +0000 2018,951461840839761920,@bgarlinghouse @MoneyGram @Ripple  https://t.co/G5Gzx6Muut,56,9,und,Fri Dec 22 12:02:53 +0000 2017,10560,,0.0,0.0,0.0,1.0
214,Ripple_XRP_News,Thu Jan 11 14:22:33 +0000 2018,951459317097684992,"Welcome partner @MoneyGram !! 

#xrp #ripple #Announcement #xrpthestandard #BreakingNews https://t.co/rpjLws9uqV",98,52,en,Fri Dec 22 12:02:53 +0000 2017,10560,,0.555,0.285,0.0,0.715
215,Ripple_XRP_News,Thu Jan 11 14:19:08 +0000 2018,951458456833331200,@bgarlinghouse @MoneyGram @Ripple  https://t.co/zbkUNY3mz9,307,49,und,Fri Dec 22 12:02:53 +0000 2017,10560,,0.0,0.0,0.0,1.0
216,Ripple_XRP_News,Thu Jan 11 14:18:50 +0000 2018,951458382589906944,@bgarlinghouse @MoneyGram @Ripple  https://t.co/FeWVjJ7KSG,79,18,und,Fri Dec 22 12:02:53 +0000 2017,10560,,0.0,0.0,0.0,1.0
217,Ripple_XRP_News,Thu Jan 11 14:18:17 +0000 2018,951458246715375616,"WOW, AMAZING NEWS!!!! 

$xrp #ripple #xrpthestandard #bitcoin #$ltc $trx $eth $bch $xvg #tron #cryptocurrency‚Ä¶ https://t.co/SjNydNDy58",25,10,nl,Fri Dec 22 12:02:53 +0000 2017,10560,,0.9049,0.44,0.0,0.56
218,Ripple_XRP_News,Wed Jan 10 10:07:24 +0000 2018,951032721735864322,"How can it be explained if the whole cryptomarket is bleeding and only ETH is blinking green? 

In the past days:‚Ä¶ https://t.co/0fyiBApb9R",11,7,en,Fri Dec 22 12:02:53 +0000 2017,10560,,0.0,0.0,0.0,1.0
219,Ripple_XRP_News,Wed Jan 10 09:39:44 +0000 2018,951025757173710848,"From 145B to 70B. Thank you @CoinMarketCap

Who complained about this? Why did you make such a decision without any‚Ä¶ https://t.co/Hk7OvTcANB",36,18,en,Fri Dec 22 12:02:53 +0000 2017,10560,,-0.0516,0.108,0.116,0.776
220,Ripple_XRP_News,Wed Jan 10 00:58:25 +0000 2018,950894564486909952,@davidgokhshtein @justinsuntron @AdrianaLima shoot me a dm :-),4,1,en,Fri Dec 22 12:02:53 +0000 2017,10560,,-0.0258,0.237,0.247,0.515
221,Ripple_XRP_News,Wed Jan 10 00:55:17 +0000 2018,950893775919964160,@davidgokhshtein @justinsuntron  https://t.co/kpEEz3eUpk,12,0,und,Fri Dec 22 12:02:53 +0000 2017,10560,,0.0,0.0,0.0,1.0
222,Ripple_XRP_News,Tue Jan 09 23:56:06 +0000 2018,950878882760134656,"All day long, after checking the stats... :) 

#cryptomarket $xrp #ripple #bitcoin #$btc $eth $ltc $trx $ada $bch‚Ä¶ https://t.co/6tZp94qdI1",16,4,en,Fri Dec 22 12:02:53 +0000 2017,10560,,0.4588,0.143,0.0,0.857
223,Ripple_XRP_News,Tue Jan 09 21:15:07 +0000 2018,950838369969418240,"Conspiracy-alert :-) 

$xrp #xrpthestandard #XRP #Ripple  #ConspiracyTheories #Google https://t.co/6ov498oogk",116,56,nl,Fri Dec 22 12:02:53 +0000 2017,10560,,0.3182,0.223,0.0,0.777
224,Ripple_XRP_News,Tue Jan 09 17:29:34 +0000 2018,950781607056723968,@bgarlinghouse  https://t.co/dpYiqwETJo,33,1,und,Fri Dec 22 12:02:53 +0000 2017,10560,,0.0,0.0,0.0,1.0
225,Ripple_XRP_News,Tue Jan 09 11:19:22 +0000 2018,950688443708911616,"@blockchainekono Selam :-) Kripto piyasasinda aktifsen bitcoin karsiti olmak cok celiskili bir durum zaten, fakat y‚Ä¶ https://t.co/md88vo1Wlc",1,0,tr,Fri Dec 22 12:02:53 +0000 2017,10560,,0.3182,0.126,0.0,0.874
226,Ripple_XRP_News,Tue Jan 09 09:44:50 +0000 2018,950664653767557120,"@1980SteveH36 The expectation is true, but it‚Äôs not confirmed",2,0,en,Fri Dec 22 12:02:53 +0000 2017,10560,,0.2263,0.192,0.0,0.808
227,Ripple_XRP_News,Tue Jan 09 09:28:07 +0000 2018,950660447199531009,"Important to know: 

1. Listing DMM Exchange on 11 Jan 2018 
- 27 million users 

2. Blockchain Connect Conference‚Ä¶ https://t.co/tu0tt5CobE",139,110,en,Fri Dec 22 12:02:53 +0000 2017,10560,,0.2023,0.091,0.0,0.909
228,Ripple_XRP_News,Mon Jan 08 23:41:59 +0000 2018,950512939995418625,@blockchainekono G√ºld√ºrd√º ≈üap≈üik :-) T√ºrk‚Äô√ºn aklini ve zekasini hafife alarak asagilayici bir dilden yazmis. Eger i‚Ä¶ https://t.co/BLGii9RFUC,0,0,tr,Fri Dec 22 12:02:53 +0000 2017,10560,,0.3182,0.126,0.0,0.874
229,Ripple_XRP_News,Mon Jan 08 22:05:12 +0000 2018,950488585026891776,@blockchainekono  https://t.co/X8dbB43Pwa,0,0,und,Fri Dec 22 12:02:53 +0000 2017,10560,,0.0,0.0,0.0,1.0
230,Ripple_XRP_News,Mon Jan 08 21:57:22 +0000 2018,950486614349877248,"Ripple will be bigger than bitcoin if THIS happens.

$xrp $btc $bch $eth $ltc $trx $ada $xvg $xem $xlm $iot $daah‚Ä¶ https://t.co/6LEZFisMMr",239,136,en,Fri Dec 22 12:02:53 +0000 2017,10560,,0.0,0.0,0.0,1.0
231,Ripple_XRP_News,Mon Jan 08 21:41:49 +0000 2018,950482699101396993,@MarkHakim83 Here is the one and only answer to your question :) you need a #timemachine to ensure your investments https://t.co/LhZxtKeUkx,1,0,en,Fri Dec 22 12:02:53 +0000 2017,10560,,0.6808,0.237,0.0,0.763
232,Ripple_XRP_News,Mon Jan 08 21:19:10 +0000 2018,950476998605987840,Check here the current records of all XRP transactions above 5 million. There is a lot of activity between 5M-50M p‚Ä¶ https://t.co/TS2Ylrai4E,15,5,en,Fri Dec 22 12:02:53 +0000 2017,10560,,0.0,0.0,0.0,1.0
233,Ripple_XRP_News,Mon Jan 08 20:04:12 +0000 2018,950458136086896640,Strawberry seller from Turkey accepts Bitcoin as a payment method. This extreme high price (due the transaction cos‚Ä¶ https://t.co/KSFmrD92nY,16,5,en,Fri Dec 22 12:02:53 +0000 2017,10560,,0.3182,0.119,0.0,0.881
234,Ripple_XRP_News,Mon Jan 08 19:05:54 +0000 2018,950443464449249280,"A few years ago announced by @RippleLabs 

$XRP #Ripple #WesternUnion #Rumours #Announcement #altcoins  #bitcoin‚Ä¶ https://t.co/NlsRIKCa1Q",14,6,en,Fri Dec 22 12:02:53 +0000 2017,10560,,0.0,0.0,0.0,1.0
235,Ripple_XRP_News,Mon Jan 08 18:27:22 +0000 2018,950433766375337984,The rumours about a possible partnership between #Ripple and #WesternUnion are affecting the valuations of corporat‚Ä¶ https://t.co/mm6TY9Gpn7,37,23,en,Fri Dec 22 12:02:53 +0000 2017,10560,,0.0,0.0,0.0,1.0
236,Ripple_XRP_News,Mon Jan 08 17:29:07 +0000 2018,950419104405573632,"@blockchainekono Hayirlisi bakalim, sonucta dunyanin da duz oldugunu idda edenler var :-) #KimBilir https://t.co/xx20EWlqfZ",1,0,tr,Fri Dec 22 12:02:53 +0000 2017,10560,,0.3182,0.15,0.0,0.85
237,Ripple_XRP_News,Mon Jan 08 17:12:46 +0000 2018,950414993631178752,@blockchainekono Yatirimlarinizi da blockchain‚Äôe mi yaptiniz? https://t.co/WgzdEz3XME,2,0,tr,Fri Dec 22 12:02:53 +0000 2017,10560,,0.0,0.0,0.0,1.0
238,Ripple_XRP_News,Mon Jan 08 16:58:19 +0000 2018,950411354552393730,"@blockchainekono Yilmadan yikilmadan her firsatta bitcoin‚Äôi ovup, altcoin‚Äôlari karaladiginiz icin bende size tarafs‚Ä¶ https://t.co/VyC3tvdVYa",3,0,tr,Fri Dec 22 12:02:53 +0000 2017,10560,,0.0,0.0,0.0,1.0
239,Ripple_XRP_News,Mon Jan 08 16:28:35 +0000 2018,950403871859408898,@blockchainekono  https://t.co/iwMULs6sYi,1,0,und,Fri Dec 22 12:02:53 +0000 2017,10560,,0.0,0.0,0.0,1.0
240,Ripple_XRP_News,Mon Jan 08 16:20:36 +0000 2018,950401862972342273,RT @CNBC: How does ripple work? Here's a step-by-step guide. https://t.co/LkSbsdNmXt,0,398,en,Fri Dec 22 12:02:53 +0000 2017,10560,,0.0,0.0,0.0,1.0
241,Ripple_XRP_News,Mon Jan 08 15:47:36 +0000 2018,950393556866301952,On 6th of January total market cap of cryptocurrencies reached 800 billion USD according to Coinmarketcap.  Today (‚Ä¶ https://t.co/CHdRuWMmrN,24,13,en,Fri Dec 22 12:02:53 +0000 2017,10560,,0.1027,0.072,0.0,0.928
242,Ripple_XRP_News,Mon Jan 08 14:40:41 +0000 2018,950376719629864960,@justinsuntron @SatoshiLite You are a pioneer @SatoshiLite come on give a hug! https://t.co/XbhRNTKu15,0,0,en,Fri Dec 22 12:02:53 +0000 2017,10560,,0.5255,0.253,0.0,0.747
243,Ripple_XRP_News,Mon Jan 08 14:35:38 +0000 2018,950375445920444416,"This is how an ordinary day in the Cryptomarket looks like...

The golden rule and solution = #HODL

$XRP $ETH $BTC‚Ä¶ https://t.co/Or34FZLBWG",50,18,en,Fri Dec 22 12:02:53 +0000 2017,10560,,0.3182,0.103,0.0,0.897
244,Ripple_XRP_News,Mon Jan 08 13:03:12 +0000 2018,950352185136762880,"OK @CoinMarketCap removing the price is fine, but when Korean exchanges hold the majority of some coins, it display‚Ä¶ https://t.co/ml5oVt9Ah8",63,31,en,Fri Dec 22 12:02:53 +0000 2017,10560,,0.3327,0.158,0.0,0.842
245,Ripple_XRP_News,Mon Jan 08 12:29:58 +0000 2018,950343822885752832,Keep in mind that @Ripple will announce partnerships with 3/5 largest payment services in the world like‚Ä¶ https://t.co/FgcXy1NcOt,32,17,en,Fri Dec 22 12:02:53 +0000 2017,10560,,0.0,0.0,0.0,1.0
246,Ripple_XRP_News,Mon Jan 08 05:49:48 +0000 2018,950243117621497857,RT @EU_Startups: Which #cryptocurrency do you expect to have the biggest value increase in 2018?,0,483,en,Fri Dec 22 12:02:53 +0000 2017,10560,,0.5719,0.266,0.0,0.734
247,Ripple_XRP_News,Mon Jan 08 05:49:19 +0000 2018,950242994762010624,$XRP #Ripple #CryptoNews https://t.co/ZjuLwaddEt,16,9,und,Fri Dec 22 12:02:53 +0000 2017,10560,,0.0,0.0,0.0,1.0
248,Ripple_XRP_News,Sun Jan 07 20:19:11 +0000 2018,950099516761493504,@blockchainekono @kriptoooo Nasil bir altyapilari var ve ortaklari kim (use cases)? Marifet bi White Paper yazip co‚Ä¶ https://t.co/gjyu0hrd27,0,0,tr,Fri Dec 22 12:02:53 +0000 2017,10560,,0.0,0.0,0.0,1.0
249,Ripple_XRP_News,Sun Jan 07 20:10:22 +0000 2018,950097299526619141,@blockchainekono Sanirim cevabinizi almissiniz. Yani kisaca Ripple firma olarak odeme sistemleri (software) sunuyor‚Ä¶ https://t.co/Kyj8GcaOo0,2,0,tr,Fri Dec 22 12:02:53 +0000 2017,10560,,0.0,0.0,0.0,1.0
250,Ripple_XRP_News,Sun Jan 07 19:59:16 +0000 2018,950094503955910656,"RT @XRPTrump: @blockchainekono If two banks trust each other, they can adjust their ledgers instantly using the Ripple tech, but that's onl‚Ä¶",0,20,en,Fri Dec 22 12:02:53 +0000 2017,10560,,0.2846,0.093,0.0,0.907
251,Ripple_XRP_News,Sun Jan 07 19:36:24 +0000 2018,950088749253365760,@blockchainekono Millete ders verirmis gibi anlatim yapiyorsunuz ama hic √∂n arastirma yapmadan bilerek yanlis bilgi‚Ä¶ https://t.co/M7w9Y0Dv33,2,1,tr,Fri Dec 22 12:02:53 +0000 2017,10560,,0.0,0.0,0.0,1.0
252,Ripple_XRP_News,Sun Jan 07 03:58:40 +0000 2018,949852763793575943,"Japanese entertainment conglomerate DMM Group, the operator of popular e-commerce site DMM with 27 million members,‚Ä¶ https://t.co/mU3cMtsuoN",248,141,en,Fri Dec 22 12:02:53 +0000 2017,10560,,0.6808,0.272,0.0,0.728
253,Ripple_XRP_News,Sat Jan 06 22:26:33 +0000 2018,949769180215238658,"@Mihalbig @FASTESTE55 @Hoekstraaa1 @Kriso444 You want to talk about numbers? 

More than 100 banking partners, more‚Ä¶ https://t.co/3v7Yew2vzO",3,0,en,Fri Dec 22 12:02:53 +0000 2017,10560,,0.0772,0.075,0.0,0.925
254,Ripple_XRP_News,Sat Jan 06 22:17:37 +0000 2018,949766932928061440,"@Audrey_Byrne1 @bichipdk I agree, but as long as it‚Äôs your free will to use or ignore it, there is no ethical issue‚Ä¶ https://t.co/A8j1uBHTqQ",0,0,en,Fri Dec 22 12:02:53 +0000 2017,10560,,0.6808,0.316,0.18,0.504
255,Ripple_XRP_News,Sat Jan 06 21:41:01 +0000 2018,949757724161691648,@Mihalbig @FASTESTE55 @Kriso444 You missed the whole point of blockchain. The ledgers \ transactions are public. Im‚Ä¶ https://t.co/QUvGImnNN9,3,1,en,Fri Dec 22 12:02:53 +0000 2017,10560,,-0.296,0.0,0.121,0.879
256,Ripple_XRP_News,Sat Jan 06 20:55:26 +0000 2018,949746252723441664,"Wow, what a great use case! #xrp #ripple #XRPthestandard #tech https://t.co/aYOCARfqRw",20,10,en,Fri Dec 22 12:02:53 +0000 2017,10560,,0.8478,0.506,0.0,0.494
257,Ripple_XRP_News,Sat Jan 06 20:51:16 +0000 2018,949745205233831938,@krakenfx  https://t.co/a170WZaupk,5,0,und,Fri Dec 22 12:02:53 +0000 2017,10560,,0.0,0.0,0.0,1.0
258,Ripple_XRP_News,Sat Jan 06 20:17:41 +0000 2018,949736750343127042,"RT @fluffypony: This is insane: guy buys a @LedgerHQ hardware wallet off eBay, which arrives already setup with this fake recovery sheet in‚Ä¶",0,1087,en,Fri Dec 22 12:02:53 +0000 2017,10560,,-0.745,0.0,0.24,0.76
259,Ripple_XRP_News,Sat Jan 06 18:09:40 +0000 2018,949704535185985537,@Vergeprojectx7 @davidgokhshtein Just think about a payment service that‚Äôs as fast and cheap as a textmessage send‚Ä¶ https://t.co/G8SJUhQwkU,2,0,en,Fri Dec 22 12:02:53 +0000 2017,10560,,0.0,0.0,0.0,1.0
260,Ripple_XRP_News,Sat Jan 06 18:03:01 +0000 2018,949702861931405312,@Vergeprojectx7 @davidgokhshtein So you don‚Äôt have a bankaccount? You are not using any of their services? But you‚Ä¶ https://t.co/kY1zImC33l,0,0,en,Fri Dec 22 12:02:53 +0000 2017,10560,,0.0,0.0,0.0,1.0
261,Ripple_XRP_News,Sat Jan 06 17:47:24 +0000 2018,949698930039762944,"Hello @WesternUnion, how are you doing today? :-) 

Did you see @bgarlinghouse these days in or around the building‚Ä¶ https://t.co/lDR7gtuBe0",13,5,en,Fri Dec 22 12:02:53 +0000 2017,10560,,0.3182,0.108,0.0,0.892
262,Ripple_XRP_News,Sat Jan 06 16:08:42 +0000 2018,949674091509886976,@blockchainekono https://t.co/iWnOJLmmLf,1,1,und,Fri Dec 22 12:02:53 +0000 2017,10560,,0.0,0.0,0.0,1.0
263,Ripple_XRP_News,Sat Jan 06 15:43:07 +0000 2018,949667653152595968,"‚ÄúWe are working with three out of the five largest in the world, and we‚Äôll publically make those announcements with‚Ä¶ https://t.co/BgJGem0Cbq",1213,790,en,Fri Dec 22 12:02:53 +0000 2017,10560,,0.0,0.0,0.0,1.0
264,Ripple_XRP_News,Sat Jan 06 14:09:49 +0000 2018,949644175707967488,@Chez_Plastic https://t.co/qpJ0nQawnI,1,0,und,Fri Dec 22 12:02:53 +0000 2017,10560,,0.0,0.0,0.0,1.0
265,Ripple_XRP_News,Sat Jan 06 14:08:59 +0000 2018,949643965791461378,@museinginme https://t.co/qpJ0nQawnI,0,0,und,Fri Dec 22 12:02:53 +0000 2017,10560,,0.0,0.0,0.0,1.0
266,Ripple_XRP_News,Sat Jan 06 14:08:17 +0000 2018,949643790985433088,@kieranmlkelly https://t.co/qpJ0nQawnI,2,0,und,Fri Dec 22 12:02:53 +0000 2017,10560,,0.0,0.0,0.0,1.0
267,Ripple_XRP_News,Sat Jan 06 13:40:46 +0000 2018,949636864058765312,@BananaCartoonTV @davidgokhshtein Because it will cause you a slip like on a banana peel! https://t.co/a7EBiBIqNH,0,0,en,Fri Dec 22 12:02:53 +0000 2017,10560,,0.4199,0.189,0.0,0.811
268,Ripple_XRP_News,Sat Jan 06 13:37:23 +0000 2018,949636012828917765,"Aaandd it‚Äôs moving upwards again #xrp #ripple #hodl 

https://t.co/qpJ0nQawnI",24,12,en,Fri Dec 22 12:02:53 +0000 2017,10560,,0.0,0.0,0.0,1.0
269,Ripple_XRP_News,Sat Jan 06 13:31:38 +0000 2018,949634564082880512,@davidgokhshtein HODL and BUY while it‚Äôs on SALE! #xrp #trx #ada and stay a while away from #xvg :-) https://t.co/M5qxZ29BiP,4,1,en,Fri Dec 22 12:02:53 +0000 2017,10560,,0.3802,0.126,0.0,0.874
270,Ripple_XRP_News,Sat Jan 06 10:26:26 +0000 2018,949587958759415808,@krakenfx I am sure even your own employees won‚Äôt trade on your platform. Hope the upgrade will reach (minimum) the‚Ä¶ https://t.co/nvamZjBOBJ,5,0,en,Fri Dec 22 12:02:53 +0000 2017,10560,,0.6486,0.27,0.0,0.73
271,Ripple_XRP_News,Fri Jan 05 08:51:28 +0000 2018,949201672777207809,A message from the CEO to all FUD-spreaders #xRapid $XRP #Ripple #2018willbeknownas Revolution in across border pay‚Ä¶ https://t.co/9UdECSCoiX,15,10,en,Fri Dec 22 12:02:53 +0000 2017,10560,,0.0,0.0,0.0,1.0
272,Ripple_XRP_News,Fri Jan 05 08:03:13 +0000 2018,949189530749415424,RT @bgarlinghouse: @nathanielpopper then why did you tweet this without doing the 2 interviews we arranged for you!!? You have those names.‚Ä¶,0,496,en,Fri Dec 22 12:02:53 +0000 2017,10560,,0.0,0.0,0.0,1.0
273,Ripple_XRP_News,Thu Jan 04 20:04:33 +0000 2018,949008671299784704,"Don‚Äôt look around, invest in $XRP while it‚Äôs on SALE! 

After the dip, it will blow your mind awayüöÄüöÄüöÄ

#DontMissOut‚Ä¶ https://t.co/aeXqQ5wSpT",13,5,en,Fri Dec 22 12:02:53 +0000 2017,10560,,0.0,0.0,0.0,1.0
274,Ripple_XRP_News,Thu Jan 04 18:06:11 +0000 2018,948978880760745989,"The Ripple Effect - From now on a new term in the dictionary :-)  #xrp #ripple #xrpthestandard 

$xrp $btc $eth‚Ä¶ https://t.co/1ovgFnQbG2",14,9,en,Fri Dec 22 12:02:53 +0000 2017,10560,,0.3182,0.113,0.0,0.887
275,Ripple_XRP_News,Thu Jan 04 16:12:37 +0000 2018,948950303650525185,@davidgokhshtein  https://t.co/HJkoY5Lqtq,0,0,und,Fri Dec 22 12:02:53 +0000 2017,10560,,0.0,0.0,0.0,1.0
276,Ripple_XRP_News,Thu Jan 04 14:33:30 +0000 2018,948925360984481794,RT @LachlanCraigie: This photo is breaking my brain https://t.co/ASteGZdvGG,0,1585,en,Fri Dec 22 12:02:53 +0000 2017,10560,,0.0,0.0,0.0,1.0
277,Ripple_XRP_News,Thu Jan 04 14:26:17 +0000 2018,948923542829240320,"Wow, @justinsuntron is doing a great job. 

$TRX is mooning because of a great team who knows how to create partner‚Ä¶ https://t.co/hP0yludjpy",6,2,en,Fri Dec 22 12:02:53 +0000 2017,10560,,0.9337,0.468,0.0,0.532
278,Ripple_XRP_News,Thu Jan 04 12:56:02 +0000 2018,948900830018760705,"$XRP MARKETCAP: 

ONE-HUNDRED-FOURTY-FIVE-BILLION-DOLLAR!!!! 

$145.000.000.000 

XRP IS IN PORSUIT. 

DROP YOUR CR‚Ä¶ https://t.co/llthV1wMFs",3,2,en,Fri Dec 22 12:02:53 +0000 2017,10560,,-0.6125,0.0,0.267,0.733
279,Ripple_XRP_News,Thu Jan 04 11:56:13 +0000 2018,948885778221944832,"@SatoshiLite @bett_on2436 So sad that you are trying to bash other crpytocurrencies, because litecoin is losing a l‚Ä¶ https://t.co/xfOP3s66gp",11,1,en,Fri Dec 22 12:02:53 +0000 2017,10560,,-0.7178,0.0,0.272,0.728
280,Ripple_XRP_News,Thu Jan 04 00:04:00 +0000 2018,948706542009901056,@SamuelMillard10 @CryptoSassassin @raiblocks Any partners?,0,0,en,Fri Dec 22 12:02:53 +0000 2017,10560,,0.0,0.0,0.0,1.0
281,Ripple_XRP_News,Wed Jan 03 23:33:31 +0000 2018,948698869356990464,"$0.0004 transaction fee ! 

#undisputed #XRPthestandard $XRP #Ripple $btc $bch $ltc $dash $eth $trx $xml https://t.co/0lKV0AU2F9",14,6,en,Fri Dec 22 12:02:53 +0000 2017,10560,,0.0,0.0,0.0,1.0
282,Ripple_XRP_News,Wed Jan 03 23:27:48 +0000 2018,948697432342323201,@blockchainekono https://t.co/LWp54lhhMc,0,0,und,Fri Dec 22 12:02:53 +0000 2017,10560,,0.0,0.0,0.0,1.0
283,Ripple_XRP_News,Wed Jan 03 23:25:01 +0000 2018,948696733827174400,@blockchainekono √ñzele≈ütiri yapar gibisiniz :-) https://t.co/A51I3BKYLr,0,0,tr,Fri Dec 22 12:02:53 +0000 2017,10560,,0.3182,0.315,0.0,0.685
284,Ripple_XRP_News,Wed Jan 03 19:55:10 +0000 2018,948643922024239104,@altcoin_lover @blockchainekono Sƒ±nƒ±rlƒ± ama para mining yapan cakallar yerine proje sahibine / firmaya gidiyor proj‚Ä¶ https://t.co/YVCSbVniwP,0,0,tr,Fri Dec 22 12:02:53 +0000 2017,10560,,0.0,0.0,0.0,1.0
285,Ripple_XRP_News,Wed Jan 03 19:48:10 +0000 2018,948642160991186945,@blockchainekono Belli ki bitcoin‚Äôa yatirim yapmissiniz. Onun haricinde hic bir altcoin‚Äôa yer vermiyorsunuz. Hatta‚Ä¶ https://t.co/bUKrl0q0Ub,8,0,tr,Fri Dec 22 12:02:53 +0000 2017,10560,,0.0,0.0,0.0,1.0
286,Ripple_XRP_News,Wed Jan 03 19:46:34 +0000 2018,948641756668710912,@blockchainekono Belli ki bitcoin‚Äôa yatirim yapmissiniz. Onun haricinde hic bir altcoin‚Äôa yer vermiyorsunuz. Hatta‚Ä¶ https://t.co/rQPK2A30Fw,2,0,tr,Fri Dec 22 12:02:53 +0000 2017,10560,,0.0,0.0,0.0,1.0
287,Ripple_XRP_News,Wed Jan 03 18:21:58 +0000 2018,948620468969443330,"XRP ALL Tƒ∞ME HIGHüöÄ

According to Forbes: ""Analysts pointed to factors including sustained momentum and recent annou‚Ä¶ https://t.co/d3FHbu8GmS",9,4,en,Fri Dec 22 12:02:53 +0000 2017,10560,,0.0,0.0,0.0,1.0
288,Ripple_XRP_News,Wed Jan 03 17:52:32 +0000 2018,948613059291033601,@SuspendedWings @davidgokhshtein  https://t.co/vIkszP6QcW,1,0,und,Fri Dec 22 12:02:53 +0000 2017,10560,,0.0,0.0,0.0,1.0
289,Ripple_XRP_News,Wed Jan 03 17:48:43 +0000 2018,948612099667873793,@davidgokhshtein  https://t.co/HxYnvSNeUW,1,0,und,Fri Dec 22 12:02:53 +0000 2017,10560,,0.0,0.0,0.0,1.0
290,Ripple_XRP_News,Wed Jan 03 16:41:19 +0000 2018,948595136564428805,@bgarlinghouse @joelcomm @teedubya @badcrypto @Ripple  https://t.co/niX44FEBIn,9,2,und,Fri Dec 22 12:02:53 +0000 2017,10560,,0.0,0.0,0.0,1.0
291,Ripple_XRP_News,Wed Jan 03 16:06:29 +0000 2018,948586373275095040,"Update after 45 min: 

MOVE #BITCHcoin Get out the way! 

Marketcap
1. $BTC 253B +1 
2. $XRP 107B +5 112B !!! üî•üî•üî•
3‚Ä¶ https://t.co/4wI5J4tdd6",3,0,en,Fri Dec 22 12:02:53 +0000 2017,10560,,0.0,0.0,0.0,1.0
292,Ripple_XRP_News,Wed Jan 03 15:14:50 +0000 2018,948573372576878593,"MOVE #BITCHcoin Get out the way! 

Marketcap
1. $BTC 253B
2. $XRP 107B üî•üöÄüåô
3. $ETH 85B
4. $BTH 46B
5. $ADA 25B‚Ä¶ https://t.co/7z3IyEztlt",5,2,en,Fri Dec 22 12:02:53 +0000 2017,10560,,0.0,0.0,0.0,1.0
293,Ripple_XRP_News,Wed Jan 03 14:06:06 +0000 2018,948556074713526272,"Just started our journey #ToTheMoon üöÄüåô

$XRP #Ripple #coinbase $btc #bitcoin #eth #bth #trx $xvg #verge #tron $ada‚Ä¶ https://t.co/uEYzOiFHRS",7,1,en,Fri Dec 22 12:02:53 +0000 2017,10560,,0.0,0.0,0.0,1.0
294,Ripple_XRP_News,Wed Jan 03 13:47:24 +0000 2018,948551368691912705,"Why Ripple / XRP? 

$XRP $Ripple #coinbase $btc #bitcoin #eth #bth #trx $xvg #verge #tron $ada $xlm #dash $ltc‚Ä¶ https://t.co/kzfeulgkZh",3,3,en,Fri Dec 22 12:02:53 +0000 2017,10560,,0.0,0.0,0.0,1.0
295,Ripple_XRP_News,Wed Jan 03 10:40:45 +0000 2018,948504396748541952,Everyone can take this shower #buynow #hold #hodl #xrp #ripple #btc #eth #ltc #bth #rtx #xvg  https://t.co/wh8xMOqlbp,2,4,en,Fri Dec 22 12:02:53 +0000 2017,10560,,0.0,0.0,0.0,1.0
296,Ripple_XRP_News,Wed Jan 03 10:00:24 +0000 2018,948494243248726016,@xvgmarketingeu Mosterd na de maaltijd,0,0,nl,Fri Dec 22 12:02:53 +0000 2017,10560,,0.0,0.0,0.0,1.0
297,Ripple_XRP_News,Wed Jan 03 09:55:38 +0000 2018,948493044873138176,"He created a set of open-source Bitcoin libraries called BitcoinJS, which today are maintained and used by Bitcoin‚Ä¶ https://t.co/fhdF05G9GF",1,0,en,Fri Dec 22 12:02:53 +0000 2017,10560,,0.25,0.105,0.0,0.895
298,Ripple_XRP_News,Wed Jan 03 09:54:30 +0000 2018,948492759983378432,Stefan Thomas is the CTO of Ripple. Stefan is also the producer of the popular ‚ÄúWhat is Bitcoin?‚Äù video and the fou‚Ä¶ https://t.co/wR0YzptGMY,4,1,en,Fri Dec 22 12:02:53 +0000 2017,10560,,0.4215,0.113,0.0,0.887
299,Ripple_XRP_News,Tue Jan 02 20:17:50 +0000 2018,948287239880167425,RT @JoelKatz: @richardohara6 @udiWertheimer @haydentiff @harrydry @twobitidiot You don't need Twitter to use the Internet. So why is Twitte‚Ä¶,0,71,en,Fri Dec 22 12:02:53 +0000 2017,10560,,0.0,0.0,0.0,1.0
300,Ripple_XRP_News,Tue Jan 02 19:57:26 +0000 2018,948282105502535680,"Your answers are very helpfull, but isn‚Äôt reaching a large group of people with the same questions. Would you tweet‚Ä¶ https://t.co/60dHDT980b",14,0,en,Fri Dec 22 12:02:53 +0000 2017,10560,,0.296,0.104,0.0,0.896
301,Ripple_XRP_News,Tue Jan 02 17:19:24 +0000 2018,948242334617079808,@XVGWhale  https://t.co/gBu0WjFnLf,5,0,und,Fri Dec 22 12:02:53 +0000 2017,10560,,0.0,0.0,0.0,1.0
302,Ripple_XRP_News,Tue Jan 02 17:07:39 +0000 2018,948239377943146498,@Cryptounivers  https://t.co/Rj22BXIvkT,0,0,und,Fri Dec 22 12:02:53 +0000 2017,10560,,0.0,0.0,0.0,1.0
303,Ripple_XRP_News,Tue Jan 02 16:11:57 +0000 2018,948225358368829440,What‚Äôs the purpose of ignoring Ripple? We would love to read articles about it @coindesk,3,1,en,Fri Dec 22 12:02:53 +0000 2017,10560,,0.3612,0.211,0.136,0.653
304,Ripple_XRP_News,Tue Jan 02 12:07:57 +0000 2018,948163952906817536,"Well, XRP gets the attention of many investors. Just getting started #buynow before it‚Äôs too late #xrp #ripple‚Ä¶ https://t.co/TC5WXkBtOA",15,12,en,Fri Dec 22 12:02:53 +0000 2017,10560,,0.2732,0.104,0.0,0.896
305,Ripple_XRP_News,Mon Jan 01 18:17:26 +0000 2018,947894551443922944,@XVGWhale  https://t.co/t6LvLD3Ktd,5,0,und,Fri Dec 22 12:02:53 +0000 2017,10560,,0.0,0.0,0.0,1.0
306,Ripple_XRP_News,Mon Jan 01 17:58:42 +0000 2018,947889835116847110,@bgarlinghouse @coindesk @bgarlinghouse the greatest üòÇ #xrp #ripple https://t.co/AGAJOFMD15,3,0,en,Fri Dec 22 12:02:53 +0000 2017,10560,,0.6369,0.375,0.0,0.625
307,Ripple_XRP_News,Mon Jan 01 17:05:56 +0000 2018,947876556608851968,"RT @CoinMarketCap: New Year's Snapshot

1. Bitcoin - $225 B
2. Ripple - $86 B
3. Ethereum - $74 B
4. Bitcoin Cash - $41 B
5. Cardano - $18‚Ä¶",0,474,en,Fri Dec 22 12:02:53 +0000 2017,10560,,0.0,0.0,0.0,1.0
308,Ripple_XRP_News,Mon Jan 01 13:22:36 +0000 2018,947820353476288512,Amazing! Bitcoin vs Ripple #xrp #btc #ripple #bitcoin #eth #bch #$btc $xrp #ltc #xvg #Cryptocurreny #gainer #record https://t.co/0SiAm6R0Uh,25,4,en,Fri Dec 22 12:02:53 +0000 2017,10560,,0.6239,0.194,0.0,0.806
309,Ripple_XRP_News,Mon Jan 01 13:20:03 +0000 2018,947819711093526529,Keep you XRP‚Äôs safe with a hardware wallet! #xrp #ripple #hardwarewallet #cryptowallet #btc #bth #eth #ltc #xvg https://t.co/DldX0dLFAS,8,2,en,Fri Dec 22 12:02:53 +0000 2017,10560,,0.4926,0.166,0.0,0.834
310,Ripple_XRP_News,Sun Dec 31 18:30:19 +0000 2017,947535403556491264,Happy new year! @bgarlinghouse @JoelKatz @ashgoblue @nbougalis &amp; the rest of Ripple‚Äôs team and community! #xrp‚Ä¶ https://t.co/lqEGR6YqDm,5,1,en,Fri Dec 22 12:02:53 +0000 2017,10560,,0.6467,0.211,0.0,0.789
311,Ripple_XRP_News,Sun Dec 31 18:23:58 +0000 2017,947533805140705281,Traders be like! #xrp #ripple #btc #xvg #wraith #eth #bth #HappyNewYear2018 https://t.co/eMPPLGioyM,10,2,en,Fri Dec 22 12:02:53 +0000 2017,10560,,0.4199,0.202,0.0,0.798
312,Ripple_XRP_News,Sat Dec 30 16:43:49 +0000 2017,947146216017625089,@justinvendetta @VitalikButerin  https://t.co/C6o5HtTCtT,3,0,und,Fri Dec 22 12:02:53 +0000 2017,10560,,0.0,0.0,0.0,1.0
313,Ripple_XRP_News,Sat Dec 30 09:41:59 +0000 2017,947040057252294656,"@FutbalAnarchy @officialmcafee The same things were said about more coins like ETH and DASH. Just wait, watch and s‚Ä¶ https://t.co/XBjAwZxrYp",0,0,en,Fri Dec 22 12:02:53 +0000 2017,10560,,0.4173,0.128,0.0,0.872
314,Ripple_XRP_News,Sat Dec 30 09:37:45 +0000 2017,947038993258074112,@FutbalAnarchy @officialmcafee @maxkeiser  https://t.co/AcEo8Wbfly,0,0,und,Fri Dec 22 12:02:53 +0000 2017,10560,,0.0,0.0,0.0,1.0
315,Ripple_XRP_News,Sat Dec 30 09:08:49 +0000 2017,947031709312307200,@officialmcafee He is spreading FUD and is enjoying to see the influence of his tweets on the stability of a coin.‚Ä¶ https://t.co/wcyQlnUhSo,15,1,en,Fri Dec 22 12:02:53 +0000 2017,10560,,0.1449,0.135,0.112,0.753
316,Ripple_XRP_News,Sat Dec 30 08:53:30 +0000 2017,947027855975833601,@officialmcafee Unfollow and boycot this guy,38,1,en,Fri Dec 22 12:02:53 +0000 2017,10560,,0.0,0.0,0.0,1.0
317,Ripple_XRP_News,Sat Dec 30 08:38:36 +0000 2017,947024107522191360,"Wow, this is interesting! The dominance of Bitcoin has been decreased from 67% to 38% in december! #altcoins #xpr‚Ä¶ https://t.co/1VQzfXOR94",8,0,en,Fri Dec 22 12:02:53 +0000 2017,10560,,0.8353,0.343,0.0,0.657
318,Ripple_XRP_News,Fri Dec 29 20:53:57 +0000 2017,946846774131675137,Is this a live stream from Ripple‚Äôs office? :-) @bgarlinghouse @JoelKatz #xrp #ripple #partyhard https://t.co/aWFWpGN3Ib,9,2,en,Fri Dec 22 12:02:53 +0000 2017,10560,,0.3182,0.15,0.0,0.85
319,Ripple_XRP_News,Fri Dec 29 13:13:09 +0000 2017,946730811784654848,The speed efficiency of #xrp #ripple #xrpthestandard #ripplethestandard https://t.co/V7JFsdYL9D,8,6,en,Fri Dec 22 12:02:53 +0000 2017,10560,,0.3612,0.238,0.0,0.762
320,Ripple_XRP_News,Fri Dec 29 10:36:22 +0000 2017,946691355664842752,@JoelKatz He developed encrypted cloud storage and enterprise messaging systems for organizations like CNN and the‚Ä¶ https://t.co/2rWrHqHLcJ,20,7,en,Fri Dec 22 12:02:53 +0000 2017,10560,,0.3612,0.135,0.0,0.865
321,Ripple_XRP_News,Fri Dec 29 10:36:04 +0000 2017,946691279123083264,David Schwartz aka. @JoelKatz is Chief Cryptographer at Ripple. David is one of the original architects of the‚Ä¶ https://t.co/rbyvB23mrc,237,59,en,Fri Dec 22 12:02:53 +0000 2017,10560,,0.3182,0.113,0.0,0.887
322,Ripple_XRP_News,Fri Dec 29 10:01:28 +0000 2017,946682574386221056,Tip for the non-believers of #ripple #xrp #crpytocurrency #cryptocoin #buynow #btc #ltc #eth #xvg https://t.co/Znolbst69s,8,5,en,Fri Dec 22 12:02:53 +0000 2017,10560,,0.0,0.0,0.0,1.0
323,Ripple_XRP_News,Thu Dec 28 21:53:03 +0000 2017,946499262178873350,RT @nbougalis: @AnselLindner @blockchainchick @crypto_ty @Ripple But I will ask you once again to take a look at Ripple with an open mind a‚Ä¶,0,2,en,Fri Dec 22 12:02:53 +0000 2017,10560,,0.0,0.0,0.0,1.0
324,Ripple_XRP_News,Thu Dec 28 21:04:56 +0000 2017,946487151344185344,Seems like @vergecurrency has launched a rocket #tothemoon $xvg #verge #crypto #buytip #moon https://t.co/fxQqZiRpln,11,3,en,Fri Dec 22 12:02:53 +0000 2017,10560,,0.4588,0.267,0.0,0.733
325,Ripple_XRP_News,Thu Dec 28 18:16:57 +0000 2017,946444876484399105,@vergecurrency is it coming before this weekend? #wraith #xvg #hodler https://t.co/jwJLKrwE6P,0,0,en,Fri Dec 22 12:02:53 +0000 2017,10560,,0.0,0.0,0.0,1.0
326,Ripple_XRP_News,Thu Dec 28 14:56:42 +0000 2017,946394481405956097,RT @BloombergTV: Ripple CEO @bgarlinghouse discusses the company's big bet on blockchain technology https://t.co/CgDJXcoNaT https://t.co/Mh‚Ä¶,0,562,en,Fri Dec 22 12:02:53 +0000 2017,10560,,0.0,0.0,0.0,1.0
327,Ripple_XRP_News,Wed Dec 27 22:22:56 +0000 2017,946144394746396672,"@davidgokhshtein No offence but why are you taking all the credits when your predictions came true, but when it goe‚Ä¶ https://t.co/vRvS5PAQ5T",2,0,en,Fri Dec 22 12:02:53 +0000 2017,10560,,0.6956,0.256,0.118,0.626
328,Ripple_XRP_News,Wed Dec 27 22:11:28 +0000 2017,946141505919639552,@davidgokhshtein Sure,1,0,en,Fri Dec 22 12:02:53 +0000 2017,10560,,0.3182,0.697,0.0,0.303
329,Ripple_XRP_News,Wed Dec 27 21:44:29 +0000 2017,946134717002342400,"@xvgmarketingeu Hi Kees, komt het wraithprotocol nog voor het weekend? XVG staat momenteel op instorten en communic‚Ä¶ https://t.co/ygULx9fDFt",0,0,nl,Fri Dec 22 12:02:53 +0000 2017,10560,,0.0,0.0,0.0,1.0
330,Ripple_XRP_News,Wed Dec 27 20:10:48 +0000 2017,946111138961461248,#XVG #Wraith is coming out this week!! #xrp #verge https://t.co/2qWpeDyxGJ,3,2,en,Fri Dec 22 12:02:53 +0000 2017,10560,,0.0,0.0,0.0,1.0
331,Ripple_XRP_News,Wed Dec 27 19:33:47 +0000 2017,946101826314784768,"RT @CNBC: While bitcoin falls, one cryptocurrency rises 9% after new link to some Japanese credit card firms https://t.co/I0m35lhUzy",0,375,en,Fri Dec 22 12:02:53 +0000 2017,10560,,0.3818,0.126,0.0,0.874
332,Ripple_XRP_News,Wed Dec 27 18:42:57 +0000 2017,946089034442559489,"@CryptoRekt @vergecurrency XVG can use some good news about the release date of Wraith, otherwise it will continuing been dumped.",0,0,en,Fri Dec 22 12:02:53 +0000 2017,10560,,0.0516,0.123,0.114,0.763
333,Ripple_XRP_News,Wed Dec 27 18:12:02 +0000 2017,946081251211010048,Ripple CEO explains why his digital currency can transform banking #xrp #cnbc https://t.co/nX3ADNJVD8,2,0,en,Fri Dec 22 12:02:53 +0000 2017,10560,,0.0,0.0,0.0,1.0
334,Ripple_XRP_News,Wed Dec 27 18:04:07 +0000 2017,946079259076038656,RT @bgarlinghouse: Enjoyed discussing all things crypto with @davidfaber @MorganLBrennan @michaelsantoli on CNBC‚Äôs @SquawkAlley this mornin‚Ä¶,0,323,en,Fri Dec 22 12:02:53 +0000 2017,10560,,0.5106,0.18,0.0,0.82
335,Ripple_XRP_News,Wed Dec 27 17:58:21 +0000 2017,946077809964912640,@davidgokhshtein What price did you get in?,1,0,en,Fri Dec 22 12:02:53 +0000 2017,10560,,0.0,0.0,0.0,1.0
336,Ripple_XRP_News,Wed Dec 27 15:54:10 +0000 2017,946046554951110657,@officialmcafee Are you enjoying to see the bad influence of your tweets on the stability of the coins?,0,0,en,Fri Dec 22 12:02:53 +0000 2017,10560,,-0.0258,0.148,0.153,0.699
337,Ripple_XRP_News,Wed Dec 27 15:44:17 +0000 2017,946044068882198529,@officialmcafee @TheRealmOfCourt What kind of life do you have? Enjoying to see how your tweets are destroying the stability of a coin?,1,0,en,Fri Dec 22 12:02:53 +0000 2017,10560,,-0.1431,0.129,0.15,0.721
338,Ripple_XRP_News,Wed Dec 27 13:16:21 +0000 2017,946006841171103745,"John has over 25 years leadership experience in selling complex enterprise software to banks, covering capital mark‚Ä¶ https://t.co/h9BbMxi5eW",2,1,en,Fri Dec 22 12:02:53 +0000 2017,10560,,0.0,0.0,0.0,1.0
339,Ripple_XRP_News,Wed Dec 27 13:14:21 +0000 2017,946006336671711232,"John Mitchell is SVP of Global Sales at Ripple. Prior to joining Ripple, he led global sales for Reval, the world-l‚Ä¶ https://t.co/9NCp1IpZRv",3,1,en,Fri Dec 22 12:02:53 +0000 2017,10560,,0.0,0.0,0.0,1.0
340,Ripple_XRP_News,Wed Dec 27 11:31:24 +0000 2017,945980431043874816,"Monica Long is VP of Marketing for Ripple. She previously managed PR for QuickBooks at Intuit. Prior to that, she w‚Ä¶ https://t.co/w6KJu28UqW",0,0,en,Fri Dec 22 12:02:53 +0000 2017,10560,,0.0,0.0,0.0,1.0
341,Ripple_XRP_News,Wed Dec 27 11:29:35 +0000 2017,945979973491396608,As well as a clerkship under Judge Fern M. Smith (Ret.) in the United States District Court for the Northern District of California. #xrp,0,0,en,Fri Dec 22 12:02:53 +0000 2017,10560,,0.5994,0.189,0.0,0.811
342,Ripple_XRP_News,Wed Dec 27 11:28:49 +0000 2017,945979779437727745,"In these roles, she led litigation teams and partnered on matters including commercial deals, M&amp;A and IP protection‚Ä¶ https://t.co/kO6NPqqRLU",0,0,en,Fri Dec 22 12:02:53 +0000 2017,10560,,-0.1779,0.055,0.09,0.854
343,Ripple_XRP_News,Wed Dec 27 11:26:18 +0000 2017,945979146001403904,"Brynly Llyr is General Counsel of #Ripple. Before joining Ripple, Brynly advised fintech companies and held senior‚Ä¶ https://t.co/oTpRRSxb0K",4,2,en,Fri Dec 22 12:02:53 +0000 2017,10560,,0.0,0.0,0.0,1.0
344,Ripple_XRP_News,Wed Dec 27 11:22:37 +0000 2017,945978217411874816,Kanaan is VP of Engineering at #Ripple. He started his career developing medical imaging systems at Cerner Corporat‚Ä¶ https://t.co/GRcv5hQiSs,1,0,en,Fri Dec 22 12:02:53 +0000 2017,10560,,0.0,0.0,0.0,1.0
345,Ripple_XRP_News,Tue Dec 26 22:43:46 +0000 2017,945787247063945216,RT @XRPHODLER: Someone just dropped some cash on 10M #Ripple #XRP https://t.co/6a6Om7K8xe,0,63,en,Fri Dec 22 12:02:53 +0000 2017,10560,,0.0,0.0,0.0,1.0
346,Ripple_XRP_News,Tue Dec 26 22:19:42 +0000 2017,945781193173323776,"Be ready, incoming cryptorock #xrp #ripple https://t.co/fA29dMfXyD",3,0,en,Fri Dec 22 12:02:53 +0000 2017,10560,,0.3612,0.294,0.0,0.706
347,Ripple_XRP_News,Tue Dec 26 17:09:39 +0000 2017,945703164610859010,RT @Ripple: No more ICO‚Äôs and the birth of hybrid blockchains ‚Äì 2018 is going to be another interesting year for cryptocurrency according t‚Ä¶,0,489,en,Fri Dec 22 12:02:53 +0000 2017,10560,,0.128,0.104,0.085,0.811
348,Ripple_XRP_News,Tue Dec 26 16:34:59 +0000 2017,945694441670610945,"Patrick began his career as a long/short equity trader covering telecoms, media, and technology, before helping to‚Ä¶ https://t.co/5MZo4tVTmP",1,0,en,Fri Dec 22 12:02:53 +0000 2017,10560,,0.296,0.121,0.0,0.879
349,Ripple_XRP_News,Tue Dec 26 16:34:48 +0000 2017,945694396359507969,"Patrick Griffin is the SVP of Business Development for Ripple. Prior to joining Ripple, Patrick was an early employ‚Ä¶ https://t.co/LyuWaLBLww",5,2,en,Fri Dec 22 12:02:53 +0000 2017,10560,,0.0,0.0,0.0,1.0
350,Ripple_XRP_News,Tue Dec 26 16:06:46 +0000 2017,945687338797207552,Where he helped transform Thomson-Reuters into a world leader in online financial business content. After Thomson-R‚Ä¶ https://t.co/6FPWiBCcYH,5,1,en,Fri Dec 22 12:02:53 +0000 2017,10560,,0.0,0.0,0.0,1.0
351,Ripple_XRP_News,Tue Dec 26 16:05:53 +0000 2017,945687115853123584,Asheesh Birla is VP of Product for Ripple. Asheesh started his career as an entrepreneur where he founded a content‚Ä¶ https://t.co/1Ukky9GBr3,32,9,en,Fri Dec 22 12:02:53 +0000 2017,10560,,0.0,0.0,0.0,1.0
352,Ripple_XRP_News,Tue Dec 26 16:01:46 +0000 2017,945686082670288898,"That was from 2003 to 2009, including Senior Vice President. He currently serves on the Board of Directors of Animo‚Ä¶ https://t.co/3nIdDyRHJY",0,1,en,Fri Dec 22 12:02:53 +0000 2017,10560,,0.0,0.0,0.0,1.0
353,Ripple_XRP_News,Tue Dec 26 15:55:31 +0000 2017,945684508292145156,"Brad is the CEO of Ripple and a member of the Board of Directors. Prior to Ripple, Brad served as the CEO of file c‚Ä¶ https://t.co/HOr2Xdjjlu",14,3,en,Fri Dec 22 12:02:53 +0000 2017,10560,,0.0,0.0,0.0,1.0
354,Ripple_XRP_News,Tue Dec 26 13:00:40 +0000 2017,945640507383975936,@CryptoRekt it would be very helpfull if you make a statement from the official Verge account @vergecurrency,0,0,en,Fri Dec 22 12:02:53 +0000 2017,10560,,0.0,0.0,0.0,1.0
355,Ripple_XRP_News,Tue Dec 26 00:02:03 +0000 2017,945444559550590977,Speculators mission completed; rhey bought it for wholesale price and rhe price is increasing to a new level! #xvg‚Ä¶ https://t.co/AifFMBjDFj,4,1,en,Fri Dec 22 12:02:53 +0000 2017,10560,,0.0,0.0,0.0,1.0
356,Ripple_XRP_News,Mon Dec 25 23:49:42 +0000 2017,945441451529424896,@vergecurrency did you guys skip the lesson crisis communication at the college? $xvg #rumours @vergecurrency,2,0,en,Fri Dec 22 12:02:53 +0000 2017,10560,,-0.6249,0.0,0.227,0.773
357,Ripple_XRP_News,Mon Dec 25 23:30:16 +0000 2017,945436563441373186,RT @LBN21: Just #HODL. News is fake. Look at github. Activity even today. #XVG https://t.co/gn2noGoJwc,0,117,en,Fri Dec 22 12:02:53 +0000 2017,10560,,-0.4767,0.0,0.181,0.819
358,Ripple_XRP_News,Mon Dec 25 23:29:33 +0000 2017,945436381979009027,People who spreads the fake rumours are laughing and buying your #xvg #dontbestupid #HODL #BUYTHEDIP,2,0,en,Fri Dec 22 12:02:53 +0000 2017,10560,,0.0258,0.166,0.161,0.674
359,Ripple_XRP_News,Mon Dec 25 23:25:53 +0000 2017,945435458493997058,Real traders HODL #xvg #verge,4,1,en,Fri Dec 22 12:02:53 +0000 2017,10560,,0.0,0.0,0.0,1.0
360,Ripple_XRP_News,Sat Dec 23 21:53:51 +0000 2017,944687521832808448,@davidgokhshtein EU-market is taking profits. Asians are still sleeping,0,0,en,Fri Dec 22 12:02:53 +0000 2017,10560,,0.4404,0.266,0.0,0.734
361,Ripple_XRP_News,Fri Dec 22 23:31:07 +0000 2017,944349613074604032,"""@Ripple has been hit proportionately less than others, remaining above its yesterday mark."" because:
1) Rise of th‚Ä¶ https://t.co/UGUjDfesjm",1,0,en,Fri Dec 22 12:02:53 +0000 2017,10560,,0.0,0.0,0.0,1.0
362,Ripple_XRP_News,Fri Dec 22 21:54:41 +0000 2017,944325345859325954,Here we go #xrp #ripple #cryptocurrency https://t.co/vwTwyDHgFC,5,0,en,Fri Dec 22 12:02:53 +0000 2017,10560,,0.0,0.0,0.0,1.0
363,Ripple_XRP_News,Fri Dec 22 16:01:05 +0000 2017,944236358217986054,"3, 2, 1 take off #ripple #xrp https://t.co/wBwn0wm3hq",0,1,en,Fri Dec 22 12:02:53 +0000 2017,10560,,0.0,0.0,0.0,1.0
